{"type": "FeatureCollection", "columns": {"ADM0_CODE": "Integer", "ADM0_NAME": "String", "DISP_AREA": "String", "EXP0_YEAR": "Integer", "STATUS": "String", "STR0_YEAR": "Integer", "Shape_Area": "Float", "Shape_Leng": "Float", "iso3": "String", "system:index": "String"}, "version": 1701682497889631, "id": "FAO/GAUL/2015/level0", "properties": {"system:asset_size": 139687468}, "features": [{"type": "Feature", "geometry": {"type": "Polygon", "coordinates": [[[51.2501785084916, 41.23120722606259], [51.53362129373958, 40.92518804045564], [51.63828088050613, 40.67203144779478], [51.67583990231661, 40.33110196587188], [51.65705365785819, 39.63933486915915], [51.631908852007506, 39.47577060155133], [51.653308014359865, 39.40817060643352], [51.432289335210044, 39.10170774774714], [51.29455999650651, 38.95370794593216], [51.29270943553571, 38.71485173950749], [51.671526778587015, 38.217223893482995], [51.9715897229401, 37.927820440825016], [52.14178027382054, 37.852318897120995], [52.65500939222844, 37.77762897794578], [52.78167466177484, 37.70202382589539], [53.04211733235508, 37.58420207783037], [53.52709807966093, 37.32343832715781], [53.999918910469574, 37.339379608833994], [54.25140773966997, 37.319469754568615], [54.460031185012824, 37.39538588583599], [54.57922744910897, 37.45637303367613], [54.66832028721512, 37.43547768177422], [54.74034369815708, 37.49160887794386], [54.77170898261476, 37.5028859335705], [54.79786162165558, 37.53627566874252], [54.81304037391041, 37.614715700518026], [54.789273411390695, 37.620494686797905], [54.81459220487613, 37.69076567326691], [54.84010716152002, 37.74573751471604], [54.95861219930284, 37.803175168079115], [55.03914802518026, 37.86127278448929], [55.06172890641235, 37.89944715271705], [55.14338402671494, 37.94850617113447], [55.18240109719249, 37.95429854767596], [55.19340623160827, 37.947560857843605], [55.23818005430995, 37.979751140100085], [55.40982866469017, 38.04191543014202], [55.4628563181705, 38.091375803582885], [55.54678550328173, 38.09405122424816], [55.73300203259842, 38.11856292411361], [55.830611723366914, 38.11631996544904], [55.89070259617494, 38.09252175100767], [55.96100923055473, 38.09114837618765], [56.00242983559585, 38.07297751980383], [56.17310638768733, 38.08936921729862], [56.19936605340516, 38.07007023596459], [56.33889575325167, 38.07806535820849], [56.35329866632019, 38.116645530445886], [56.323302262332284, 38.17777975893334], [56.432340694832874, 38.256206476220434], [56.573328498477984, 38.26526292049247], [56.61397767021467, 38.23713937326306], [56.67361370342438, 38.268897059876416], [56.740473463364445, 38.275438554599525], [56.766135589052304, 38.27765473246427], [56.862131110696524, 38.23032585911328], [56.97214603322433, 38.21526744801363], [57.00106782865578, 38.218027618093814], [57.01124346740962, 38.18895876768476], [57.081871118715846, 38.19468422929927], [57.15292693168231, 38.264165953204575], [57.15585653163123, 38.27543858320023], [57.247357321810604, 38.270818928000075], [57.248151080538314, 38.23308604774303], [57.29129726584542, 38.21151290487598], [57.29243434406602, 38.15360251001851], [57.334291920612, 38.12819458961757], [57.3738932491658, 38.086778456443376], [57.360560555460026, 38.00144912343879], [57.48606194529718, 37.917881115415526], [57.61868446959963, 37.906019877820704], [57.66535345648463, 37.91868814847412], [57.88613695876025, 37.86653007487273], [57.9498753130364, 37.80084309047789], [58.138316928292774, 37.79497484990138], [58.21681494274212, 37.75188662189957], [58.25822215154681, 37.67136857852079], [58.38456187630855, 37.64996046926599], [58.469864463385164, 37.634563162324014], [58.565735152762194, 37.704183103947074], [58.66145420552691, 37.64870524499823], [58.74124978496612, 37.63069268570291], [58.75139868801507, 37.65560567747632], [58.79120516317477, 37.63746605536217], [58.81404021764294, 37.6880545624136], [58.82227615332117, 37.695461098547185], [58.88840011631718, 37.65693895872122], [59.04391575610992, 37.61789508116069], [59.22224412967211, 37.50969944515846], [59.237908989022486, 37.51986172081842], [59.26711605198642, 37.509280300486274], [59.3348542283843, 37.540605443976595], [59.39369652857673, 37.47896732476094], [59.38443052294304, 37.44928749564215], [59.41274581654851, 37.43493816832141], [59.38734678904559, 37.41123359164071], [59.423750907700295, 37.361701886251815], [59.39313474956914, 37.345930051088864], [59.40718085153699, 37.30590063839007], [59.431456269286905, 37.304638794369005], [59.46888588441147, 37.25231561647338], [59.485371209708426, 37.2204777074269], [59.47899026627146, 37.21114478867714], [59.550179808436766, 37.17363485899271], [59.55189210578933, 37.136579692189706], [59.6443248084108, 37.122765406598205], [59.66615659018545, 37.141738867489195], [59.72457519725154, 37.12692124102574], [59.75463405657554, 37.10956204032369], [59.75874980358501, 37.12252464440539], [59.85160609590385, 37.08317747663003], [59.935735963439676, 37.03950060898112], [60.00011203339564, 37.04020066454541], [60.067413217684276, 37.00067519892585], [60.113703118012026, 36.91442283434807], [60.27542136219296, 36.73800294547521], [60.35170764824364, 36.627849775149315], [60.86822096990253, 36.63250507309897], [61.13871667730775, 36.63775787412483], [61.185604130676275, 36.56608232890373], [61.17808608081254, 36.5231813171586], [61.155982329745406, 36.484583277582004], [61.17471507412233, 36.462327987673596], [61.16451260111923, 36.43980054939376], [61.15391775497704, 36.40327160974782], [61.143158010544624, 36.3983175233426], [61.15675374071029, 36.29652965753011], [61.185470395870915, 36.26423236643894], [61.20469353442558, 36.198968931662726], [61.226632353411915, 36.1623553062373], [61.213464606653496, 36.12338722390019], [61.230690140056716, 36.11805415679793], [61.18398553811448, 36.05369149434803], [61.16232317876708, 36.030290077390504], [61.166300720126614, 35.99985230837771], [61.123074162584274, 35.96784041431171], [61.12797024159206, 35.95916742122785], [61.219578035665286, 35.921795735689834], [61.233914065039556, 35.89751142395917], [61.24823226237485, 35.85631827538296], [61.26285359741636, 35.8038123185584], [61.24350555282043, 35.76835355822168], [61.246640339101916, 35.75139116246935], [61.232273098084214, 35.70270221568417], [61.219123204582615, 35.665388516505075], [61.250787325376116, 35.63478121799018], [61.27412619755762, 35.60515048209192], [61.36646086580876, 35.625261003812525], [61.38385579268062, 35.58940986515533], [61.39815609758169, 35.57703138394267], [61.395150665000635, 35.55861974598507], [61.587757094934844, 35.43694877064602], [61.77956974924798, 35.41117513721931], [61.987796393114685, 35.44998269871585], [62.05932039848455, 35.435428216951216], [62.173089899849366, 35.33323000627661], [62.27149783912695, 35.286471899273245], [62.29551901256585, 35.208611569480276], [62.30534682590597, 35.12875797178045], [62.47756181753076, 35.27892265517261], [62.52073483680844, 35.27338444974627], [62.55350922202578, 35.23382333437369], [62.58718430834185, 35.22530642968198], [62.602871445554975, 35.23536171121929], [62.620645452241725, 35.21419433904245], [62.743712140039364, 35.251784573238574], [62.78636792279635, 35.3014768042439], [62.840300748130964, 35.31175054337616], [62.87762786992108, 35.34701309291701], [62.8921244155238, 35.34433762797102], [62.91348351253457, 35.36578590488245], [63.0194361988594, 35.40964123262159], [63.093345802447246, 35.42132406500216], [63.126356502133454, 35.545915808162995], [63.10714226243646, 35.5590924242724], [63.09871904948782, 35.62128800317121], [63.24818811171054, 35.68094186734243], [63.22544665378644, 35.710505660514166], [63.19055865780343, 35.71953088653064], [63.136679398849296, 35.769575390968924], [63.11601585625757, 35.81059019401439], [63.09969114918705, 35.81727884750505], [63.119320092707206, 35.85402625969601], [63.185490931752724, 35.86132585984313], [63.35671483298219, 35.867993332447824], [63.53538099623375, 35.903272618467575], [63.57078179851992, 35.95144873649758], [63.9039702319753, 36.014219478313635], [63.999221121082776, 36.03160110594333], [64.06341436124809, 35.99991028180449], [64.05796081778259, 36.10269699201799], [64.10113391293764, 36.12925538077624], [64.12497668509744, 36.13053957949836], [64.17581932196775, 36.16208773732865], [64.22103015108445, 36.16317129346019], [64.24077952665205, 36.1512030589463], [64.2647070649965, 36.1624980080305], [64.28450103490341, 36.153004536557546], [64.3247042886071, 36.20658069828439], [64.42660368954115, 36.242101861571975], [64.5260683517148, 36.30451139631229], [64.58876777529431, 36.37697186138911], [64.63631067564364, 36.442279786731035], [64.61813987805319, 36.635969775158244], [64.79527317150416, 36.93579527272119], [64.75575218990777, 37.112879588208806], [65.02586443756533, 37.22540165764053], [65.13260869700149, 37.24605952270136], [65.19123696915518, 37.2362138533296], [65.22576373157783, 37.2498452802577], [65.26805387248943, 37.23279820794122], [65.52822458415746, 37.237979691435044], [65.63892179892369, 37.33913438575843], [65.64610090595895, 37.435459891904124], [65.69984197430584, 37.533029437558675], [65.76597045533934, 37.533506546904434], [65.80731970598328, 37.51318195719976], [65.83960801893507, 37.48792559899631], [65.96831551406414, 37.46502812438157], [66.00575859741954, 37.44647382862689], [66.07572633928446, 37.44600559977481], [66.12719328430259, 37.403354311747655], [66.1585853607355, 37.39353987711676], [66.16862280167932, 37.3688542754876], [66.25006381296681, 37.36181778605908], [66.32203817308088, 37.32220760915725], [66.39632681080215, 37.33332412991466], [66.42573460061202, 37.34438270282023], [66.49982252345487, 37.33157613792904], [66.55373305336846, 37.35475461821854], [66.51777939040305, 37.380818051319274], [66.57375000690988, 37.42387063362411], [66.64610785939315, 37.45202097230183], [66.61414496078486, 37.505825612173524], [66.53563359916578, 37.591688915556375], [66.54823052593615, 37.79178217270145], [66.6165618190827, 37.8857978591513], [66.67915871973385, 37.91868820367401], [66.67083799557253, 37.96710957772267], [66.5877515375065, 38.02844452655981], [66.4729297423147, 38.0364797670657], [66.40001004649734, 38.032488917450245], [66.2802564634371, 38.10825795656851], [66.22544511932341, 38.15953312080015], [66.10492906870991, 38.18548065925829], [66.06885934941434, 38.208810697267054], [65.95624921727861, 38.241210528786446], [65.88991117729906, 38.27868926177446], [65.84177964057984, 38.262012188224915], [65.79745170018302, 38.235850689271565], [65.53348632130587, 38.30182303419224], [65.26049120358016, 38.433848090047434], [64.99999947169056, 38.62069780840304], [64.79594210937526, 38.69701980523806], [64.46962950379363, 38.876810797286744], [64.32309010421014, 38.98627727328872], [64.20706873380168, 38.95623181987462], [64.1230236311858, 38.98889472143969], [63.708318241499796, 39.23649077924567], [63.50847918955348, 39.401152012116505], [62.511948143279014, 39.9377958652449], [62.44036840627041, 39.99692804861119], [62.40708126628995, 40.08681906884199], [62.40383057498063, 40.11903159419502], [62.4024616297013, 40.21071966329988], [62.383849360183355, 40.280660655903105], [62.38599861349357, 40.32680789338949], [62.33457179564573, 40.37494832038481], [62.34946078254629, 40.43829876138729], [62.1963708633058, 40.520537980175604], [62.11256656607264, 40.597149808964886], [62.06249977962431, 40.69112091757746], [62.00020608054038, 40.84960181730426], [61.98751995308775, 40.98138161088924], [61.94699122065296, 41.037000006840195], [61.895778436109545, 41.060486062015435], [61.88040789015311, 41.10938899516238], [61.7024496682975, 41.2199792208443], [61.63873353881469, 41.24380419746557], [61.60036302464288, 41.27551285197984], [61.51895314243891, 41.27145057254792], [61.44301018269906, 41.29153883267117], [61.40452819005573, 41.26289358614454], [61.38439086176574, 41.170951363389165], [61.32665891597025, 41.14749647428378], [61.23598306486773, 41.15010952354441], [61.10461795300001, 41.21196175105947], [61.0809000009338, 41.209130185722536], [61.02451022629681, 41.23420819089015], [60.46574021879163, 41.22289100300018], [60.10607812452256, 41.41183199493106], [60.1027783874584, 41.53032816903251], [60.16368969098705, 41.59700955794972], [60.060568527500806, 41.75355967748135], [60.09324026192953, 41.81135856196126], [60.297119348499706, 41.75883032288696], [60.31677955170096, 41.760431151537446], [60.23956134873842, 41.821877553683336], [60.15395998262516, 41.853871602893896], [60.11504980987715, 41.89477937979397], [60.03052749740227, 41.92975660900055], [59.991532641171844, 41.95632838954527], [59.94926928677865, 41.97350931188925], [59.961389171886076, 41.9992383429446], [60.0295555220273, 42.01102815956295], [59.97706731472571, 42.12058828831688], [59.9694690271705, 42.138999931959525], [60.000000473393, 42.155039316627104], [60.04617006045005, 42.16278029122813], [60.03442033724475, 42.20007178444591], [59.93112976324899, 42.242049741240855], [59.89321842658031, 42.2825918961408], [59.83715864646545, 42.30082958429534], [59.79286186166661, 42.26863936897399], [59.67511048190598, 42.28655156184572], [59.4082956208075, 42.28296197315497], [59.26975136839669, 42.39925979305389], [59.2697870740213, 42.4468562237721], [59.16316991505873, 42.52872535058528], [59.07628876712575, 42.50952000932281], [58.90965226877898, 42.558770770777045], [58.63434289857944, 42.7897165080254], [58.620461727542576, 42.75456987659131], [58.6398899922789, 42.73401793749144], [58.58396836889582, 42.719249367832234], [58.600681158156554, 42.68615389505849], [58.58857019385976, 42.65814180300997], [58.46357265092982, 42.65279986007773], [58.27762817542113, 42.68890069250577], [58.15002654629992, 42.62806076488313], [58.18186006090103, 42.596378857011466], [58.30647851912204, 42.54826064331115], [58.40881046930342, 42.390069572164], [58.4080300697546, 42.37061006819259], [58.517831034466305, 42.321751716892095], [58.50167126869319, 42.28944107646235], [58.41566850911381, 42.292361763584104], [58.36969967975773, 42.41875948310842], [58.28349637250626, 42.45625158447108], [58.20119021698448, 42.46739043855214], [58.12205015271082, 42.44266913882204], [58.06755101209901, 42.501819138259265], [57.9799564615668, 42.48644860709452], [57.96232071263599, 42.442927772990316], [57.915147802006004, 42.45721027019397], [57.910028808219444, 42.41619990498941], [57.94731126674521, 42.371631232531286], [57.91777423691719, 42.238014235051075], [57.85672914318276, 42.247980322220485], [57.83380046077246, 42.218710785201765], [57.8584102532771, 42.18161107035178], [57.71316842099273, 42.16698970108653], [57.64676792434768, 42.149380703564994], [57.51890320140498, 42.17404846048782], [57.36736064795938, 42.157750467754425], [57.240633046072666, 42.09592052939643], [57.14287165275659, 41.95296178062494], [56.99798216287671, 41.890868771767124], [56.96861888133356, 41.75995849644908], [56.993059239041855, 41.617780068876826], [57.025508127469465, 41.54821806212055], [57.04643022893365, 41.41795878492917], [57.095128028302746, 41.374727833659435], [57.15365371139175, 41.380752085230014], [57.136949990221424, 41.348361165845034], [57.06371821849891, 41.312501064532995], [57.04380381911636, 41.264369525121346], [55.85609995324153, 41.31740162582256], [55.79781944789588, 41.28010124528617], [55.74089017679096, 41.2963591338581], [55.630629932309546, 41.268940138730365], [55.60846817380905, 41.2401387916973], [55.56499643545449, 41.28372201724253], [55.53901772916511, 41.249913112350995], [55.446928341377024, 41.28997815113228], [55.22548054716105, 41.477554685782806], [55.07771038484853, 41.69745974850276], [54.94959153852215, 41.829859351228684], [54.955887741397106, 41.91183546961739], [54.80303860316222, 42.04272792543085], [54.20564845995186, 42.33849116758395], [53.8710419335579, 42.32753067257223], [53.41603965274205, 42.257558504092714], [52.998868556380835, 42.12407975317834], [52.17235187612541, 41.59914994846473], [51.2501785084916, 41.23120722606259]]]}, "id": "0000000000000000006c", "properties": {"ADM0_CODE": 250, "ADM0_NAME": "Turkmenistan", "DISP_AREA": "NO", "EXP0_YEAR": 3000, "STATUS": "Member State", "STR0_YEAR": 1000, "Shape_Area": 57.908835475, "Shape_Leng": 48.2290257929, "iso3": "TKM"}}, {"type": "Feature", "geometry": {"type": "MultiPolygon", "coordinates": [[[[71.68944924338975, 39.94583122816316], [71.73716160989466, 39.91366324730573], [71.77971923959484, 39.90494568475097], [71.81487927365735, 39.993610473657334], [71.77105078177019, 39.98318954494091], [71.72694135515036, 39.96083159304443], [71.68944924338975, 39.94583122816316]]], [[[70.994538418226, 40.168251141293446], [71.01360112537964, 40.028779375688785], [71.08726100943251, 40.00000038251593], [71.09022182512598, 39.96225849220112], [71.05610975403381, 39.89480127613897], [71.08875030587521, 39.89447129731492], [71.11488957969244, 39.912931909350526], [71.15963216667907, 39.87503852079363], [71.18561095907768, 39.87870835903281], [71.22934129493717, 39.91974993510961], [71.21121067383238, 39.95772806566412], [71.17052128925353, 39.96034999633286], [71.17927898344539, 40.01041683626538], [71.17139083955652, 40.0277002551774], [71.1217700197314, 40.016409841254536], [71.09016832861735, 40.092651548094544], [71.06585733552046, 40.16574962845424], [71.04118960122395, 40.18445106041194], [70.994538418226, 40.168251141293446]]], [[[66.52048155048669, 37.37202025284582], [66.5603013771062, 37.36238859325652], [66.60404064283186, 37.36367277914447], [66.63061689904389, 37.32858861856362], [66.66715475942887, 37.3286911582521], [66.69262074244365, 37.35701979439245], [66.86335524495027, 37.36078773989205], [66.96255236130607, 37.394074926917874], [67.02273241036077, 37.37464661268587], [67.05919000389402, 37.372519635167315], [67.113631167509, 37.31485457708288], [67.1252292762449, 37.2732377189101], [67.20865013899697, 37.24897129689427], [67.26688603892612, 37.18227212820088], [67.46656462528152, 37.247263501205055], [67.49899120719041, 37.28141128946008], [67.55322276663517, 37.24420011947034], [67.56939592061758, 37.225828638256885], [67.62731517313038, 37.23688268333542], [67.65203193931865, 37.2235812296525], [67.71344717326295, 37.224151998045706], [67.77581217164486, 37.1822988722558], [67.81123082535346, 37.20871902927258], [67.8273593264149, 37.419121687474444], [67.85402925580166, 37.5301443898832], [67.91598848499756, 37.5983686943095], [67.99168618004501, 37.69317364075263], [68.06835150073748, 37.78005697784185], [68.12875001889768, 37.87728988202512], [68.26262117693533, 37.90626064685195], [68.2955204250424, 38.00041903685357], [68.3709326989054, 38.085391683538646], [68.40219098943261, 38.19547350568958], [68.29873091570164, 38.30444054176734], [68.23143862519933, 38.338271722855865], [68.19675126359421, 38.40605897146687], [68.16057905334996, 38.42204039495353], [68.1090184480043, 38.411378713746856], [68.1424082537059, 38.47224991461285], [68.06888213414449, 38.55600078167685], [68.0857821155829, 38.64017073190986], [68.05885360354814, 38.70654889994243], [68.12770210930067, 38.741191635455316], [68.07296218271588, 38.80349865222533], [68.16736581663564, 38.837526053977896], [68.19509254467988, 38.86360291896516], [68.19908782643202, 38.92611057374855], [68.13467613915688, 38.97775139686982], [68.08864935142243, 39.02388081058418], [68.0021472422634, 39.01333952750481], [67.9757091991748, 39.03333859532843], [67.89916871879487, 39.02298008068356], [67.86923034186306, 39.00039918309898], [67.7872631759186, 39.01447212817616], [67.71536008928587, 38.9996590002433], [67.68527014087826, 39.02140160884176], [67.67612897033965, 39.121008987343465], [67.67487152000662, 39.14412943729827], [67.63079327180392, 39.15010014001243], [67.60189831531336, 39.182807652508515], [67.46124930814727, 39.20355140515879], [67.39568718136049, 39.26486405727889], [67.39228046162448, 39.29982785268832], [67.52364995641365, 39.32520907930755], [67.425714727909, 39.509766777022335], [67.43850796487605, 39.53323953212409], [67.49732794247869, 39.530488228553956], [67.49775155685141, 39.56778860922815], [67.62816239105605, 39.60003238611794], [67.7010241414696, 39.65407222238399], [67.78430231739513, 39.64897547783137], [67.96033870057143, 39.598329022488265], [68.15518800322432, 39.561688529068064], [68.33683845792704, 39.54510963677578], [68.37739836659449, 39.53479124390044], [68.49936822788507, 39.53822030426697], [68.52375945239794, 39.54062820335571], [68.55776012719927, 39.59461013500912], [68.62960071969476, 39.66505945999239], [68.58653913211667, 39.73403279303477], [68.63142889538457, 39.7646311303437], [68.64655416275855, 39.83073730316294], [68.6473612642596, 39.856390522337165], [68.68952207873282, 39.85264040180665], [68.72611795933359, 39.86720835208342], [68.74971105792773, 39.83125012461442], [68.77883793052578, 39.83413965104582], [68.78563806297711, 39.856368247478166], [68.8207712725382, 39.87443203602662], [68.78696237345073, 39.983537374435755], [68.81951829717009, 39.970610390613494], [68.8631683792564, 39.87190822104738], [68.89414131449556, 39.868340911522026], [68.91294089993359, 39.90433922477589], [68.81237921842406, 40.000000312366964], [68.8109211082432, 40.04577298620037], [68.79213043473239, 40.07183201895947], [68.82528830992337, 40.076728081081626], [68.85765252397992, 40.03491063023355], [68.88937899087888, 40.06801945171153], [69.00724195047832, 40.069161015263944], [68.99563042640483, 40.140930228287495], [68.92001307762118, 40.15017400355485], [68.60841107585442, 40.091782018484004], [68.53319935034247, 40.130558368074354], [68.78809055665285, 40.19451078695858], [68.84688821323861, 40.190506523632806], [68.99946079966533, 40.22052961266674], [69.31468804469638, 40.20065989765285], [69.29639685413602, 40.23795583807783], [69.25038784337897, 40.25516798172801], [69.25910092749716, 40.289427206019276], [69.31657875007691, 40.2925396884361], [69.33900798862919, 40.34789052425108], [69.30765164048826, 40.3835409837445], [69.26557104095926, 40.47604057654747], [69.27383822291526, 40.49398405415336], [69.23070979395949, 40.53527978461639], [69.26903130336807, 40.56875868064264], [69.3387270847452, 40.578439367603856], [69.36338143481184, 40.615521298451945], [69.34644132248013, 40.68812879667364], [69.38688094189273, 40.764780780398624], [69.40828462129086, 40.78401284910103], [69.5478812139518, 40.75349031013833], [69.5994908841109, 40.68413344838075], [69.65166679118586, 40.65570225973142], [69.67319084286308, 40.62884956080421], [69.72830981183917, 40.634641901694344], [69.79256991952911, 40.69892878280825], [69.82352058827671, 40.692208896738926], [69.88374964871186, 40.720341387802094], [69.91820951410216, 40.70414146988301], [69.99651134031643, 40.733910448623774], [70.12170959370368, 40.79585176640504], [70.1680217730784, 40.836081774287386], [70.23061418830827, 40.83394590886769], [70.33117138783832, 40.882340507036744], [70.37276139476393, 40.901978430725705], [70.39244837209912, 40.97122820727118], [70.41189891255036, 40.99189169726949], [70.4160102629604, 41.03085983826397], [70.47325171191284, 41.03745031349311], [70.63932199730348, 40.8780686631849], [70.71243787880417, 40.7838211279167], [70.68792176980138, 40.7814489044985], [70.67359019564982, 40.80923802705032], [70.65471033106475, 40.761538989101204], [70.77893196343902, 40.736840074518966], [70.78835851357275, 40.72027895532396], [70.73483152294341, 40.67690082162912], [70.7284906708151, 40.658087848279656], [70.66561730512947, 40.6412145879511], [70.58629432810285, 40.565730963410374], [70.50985197653523, 40.54670846916026], [70.48464917895913, 40.504520864981046], [70.33420796979513, 40.46259196473769], [70.38522909038956, 40.376509030928524], [70.49886034629007, 40.363613301063886], [70.57172203149156, 40.325742109108994], [70.5797216830834, 40.22723169632841], [70.64561829034592, 40.165018280092966], [70.83124168135772, 40.202109117980044], [70.89765112895194, 40.22601884043434], [70.97028094977523, 40.23799153095918], [70.96615179939344, 40.26437153185729], [71.18426869757867, 40.33033052033766], [71.27128814275665, 40.327650618613376], [71.28854037710208, 40.30415115582082], [71.34245091322677, 40.31022447972315], [71.46782299841097, 40.26270826467348], [71.49137152535828, 40.256336222852745], [71.49279835913863, 40.222380156393335], [71.56280179422018, 40.20276905781649], [71.60844969290484, 40.18643091577604], [71.61104035252868, 40.252372112680355], [71.6653388446359, 40.24703900682698], [71.69679781515593, 40.17328101512174], [71.72908170031684, 40.14938916392876], [71.86019710516348, 40.204699818988445], [71.84466162397625, 40.24146068033968], [71.90823942921895, 40.234112037451936], [71.9538115123005, 40.230090004073325], [71.99500907529158, 40.27522942856306], [71.95122071891164, 40.309649233388186], [72.08539952918865, 40.40239855323014], [72.09846915920254, 40.43545834505033], [72.10732047765673, 40.46282831970801], [72.1536015121424, 40.458141767872014], [72.19195868693254, 40.49951774143088], [72.25163928937327, 40.48835216581597], [72.24870966811994, 40.46297542877649], [72.34903949048423, 40.42837724582873], [72.41050817821464, 40.40123916093978], [72.4355995360788, 40.485770378097044], [72.41374103350496, 40.5248410257501], [72.38815021110699, 40.5305397135433], [72.42825092922031, 40.55943917386368], [72.35576819552024, 40.61248911719394], [72.41966265706638, 40.616649421324524], [72.48588037748374, 40.55679046568678], [72.53622804514112, 40.54332845526167], [72.62898182525034, 40.518018570171726], [72.68290123686879, 40.592623777263235], [72.75104075539042, 40.56677435387841], [72.77747881667287, 40.65315166998319], [72.77379115388653, 40.68136880677918], [72.85309174244078, 40.69183877701681], [73.03513898662845, 40.77026993462951], [73.1229521219411, 40.806121069556106], [73.12725070756524, 40.85056053210151], [73.05561970885255, 40.85303083579195], [72.98983009831868, 40.889327957334196], [72.98341787538801, 40.8541010104755], [72.99132839079411, 40.83538173965597], [72.91292846781045, 40.81462014005967], [72.8504608601067, 40.86912815802287], [72.68080989884984, 40.8556082345014], [72.58171087999877, 40.88580969472202], [72.53523814999981, 40.963821694437215], [72.51079782926494, 40.98201927366046], [72.48336990573738, 40.972182524349144], [72.50081831172764, 41.02545984445836], [72.34359930363344, 41.063201660434366], [72.24575778842109, 41.014570700041205], [72.18705816191542, 41.00869356978505], [72.18362908210514, 41.02483998156543], [72.22570074299753, 41.044790021440264], [72.19273012517138, 41.15485846429995], [72.12422944889923, 41.16307215737775], [72.08305849559943, 41.14080785007941], [71.97109050341042, 41.16915883890623], [71.92542039928645, 41.161538214751594], [71.88377680331762, 41.18158631357522], [71.86416124153807, 41.206909542486294], [71.92695878089786, 41.314199974885035], [71.88667077608707, 41.360989359268345], [71.87796217910679, 41.38094828335857], [71.8374690592018, 41.37104909381539], [71.82494788977802, 41.41354877319345], [71.77667813387296, 41.46737906398152], [71.76145036364267, 41.43742727815918], [71.72327149994516, 41.453841220432295], [71.72251788245723, 41.42314918173588], [71.69648126327415, 41.44316166101163], [71.72796695215865, 41.48896107305534], [71.73227884137049, 41.5467599118414], [71.68994865815611, 41.55047887246127], [71.61923178424998, 41.491529514341714], [71.67468959920129, 41.46680826704288], [71.65922098373427, 41.42099994955988], [71.6761611121213, 41.398579560565445], [71.64187502859906, 41.348749102209645], [71.60239861652063, 41.326899489510716], [71.57267870019083, 41.29968118314846], [71.53591791637255, 41.31671941660142], [71.47001243919736, 41.30414028978527], [71.44852841567638, 41.28016811827131], [71.44818953142833, 41.24490998992699], [71.47645577145303, 41.224919832720325], [71.41821997161122, 41.10914825831931], [71.39212084916625, 41.11424054355032], [71.36075101139234, 41.16434743600689], [71.32501584904539, 41.14624348638281], [71.29571952051437, 41.1062319560686], [71.27844939775031, 41.10556312842472], [71.25746933109153, 41.186362003854825], [71.22655881512779, 41.1864111025815], [71.21595959303748, 41.167593701392896], [71.19265188682259, 41.18398087392882], [71.13299798958373, 41.14776848897837], [71.01929091109483, 41.192658279744904], [70.96167930904389, 41.16308998361197], [70.86866245790056, 41.23195189546978], [70.81953209278215, 41.17499133767904], [70.78188836909868, 41.19219010215482], [70.78881781803136, 41.260271614190515], [70.78526840424568, 41.32290862029132], [70.76472086135632, 41.39610919408389], [70.71180026423349, 41.463562046473584], [70.67886085094807, 41.468632071062316], [70.5736081906269, 41.434310307699434], [70.52460716530602, 41.399226095911615], [70.47911099894581, 41.40192834085588], [70.39449063969224, 41.46863201815587], [70.3202911979173, 41.51443146249701], [70.19622554937034, 41.51408367730042], [70.18064992625074, 41.57681878035984], [70.21605072930008, 41.60480410035436], [70.28485024304139, 41.62034852555263], [70.38093942998286, 41.661390082745285], [70.50038089262674, 41.73072911661545], [70.52326944166145, 41.79085112126783], [70.60474167786226, 41.8372614896438], [70.704942177766, 41.91814063850557], [70.75100913507181, 41.91807818660452], [70.75437124835143, 41.93018910705459], [70.8245397026004, 41.92240802037396], [70.85372005435671, 41.974619609843934], [70.84142188514525, 42.01468018013026], [70.87453070621241, 42.04642898977749], [70.9581299262579, 42.02634965448059], [71.16841222290684, 42.139320956491], [71.21718137136274, 42.13692194809314], [71.25364793402838, 42.17324136530228], [71.25799101684078, 42.20202037466823], [71.13446055261298, 42.27322779080823], [71.04180044089938, 42.28474118213966], [70.9823383900276, 42.25779930812887], [70.94555968749803, 42.262369828848385], [70.83904070644152, 42.1939405164715], [70.7957204858919, 42.20989964361391], [70.67405841631471, 42.09901960831769], [70.62748307613438, 42.00166855012338], [70.60191016232366, 41.9970711643763], [70.55595020379836, 42.02890918285704], [70.54646117982473, 42.06951818716936], [70.4171071747272, 42.13260109942193], [70.36659446086206, 42.06313274109322], [70.32261881197209, 42.03435815700504], [70.3218518419899, 41.96949163791898], [70.23682127905249, 41.9373638153838], [70.14615881128186, 41.83792140850742], [70.06170791242342, 41.80294867682637], [70.0458914727284, 41.76831039979908], [70.02395266613412, 41.76340091654824], [69.99999835842765, 41.78801071139722], [69.95211212791575, 41.71879210450584], [69.88140862493962, 41.69778968052319], [69.82492073111669, 41.71604970955277], [69.7191865041124, 41.688305226878214], [69.59460818046406, 41.63949141235702], [69.49897824270894, 41.55235165097086], [69.42088151383358, 41.522408798868504], [69.41400117541683, 41.48720869090835], [69.43889633863135, 41.471695424668134], [69.41042495684677, 41.45682876473475], [69.28584211698733, 41.46027118624693], [69.19475160565318, 41.451540281987725], [69.14902797948866, 41.400149125785966], [69.11323031011212, 41.38626799648774], [69.07432914258032, 41.33253132595749], [69.036689870541, 41.344200824549326], [68.98827737121431, 41.27979799667684], [68.98630200399141, 41.24783071802931], [68.94819011284339, 41.20904549690814], [68.93047857849729, 41.19216778740144], [68.81892073667709, 41.10464008718758], [68.7509194906469, 41.01211374419314], [68.74480154481437, 40.987459388475074], [68.61439069833908, 40.92331516612681], [68.5994393538699, 40.91833885001352], [68.58389045389633, 40.86750064529823], [68.56805175894246, 40.861391631468074], [68.58971845395682, 40.73028067909521], [68.62861076078498, 40.71804938656684], [68.64527892023109, 40.66194948064059], [68.63166969852473, 40.63472214479595], [68.645550925911, 40.61750111295916], [68.59527898746839, 40.60361105059368], [68.53749794996313, 40.625549807459564], [68.51805184041103, 40.60444043525382], [68.46415917054264, 40.596659302536885], [68.19416943727501, 40.717500906224934], [68.04805813000364, 40.8102814505803], [68.0155602084422, 40.81388882555003], [68.10777886549606, 40.89138801579098], [68.14445049690185, 40.99776884036736], [68.13102860222219, 41.015948531012285], [68.15110796641379, 41.0308286101857], [68.12916912822116, 41.056669066102735], [68.10554932818108, 41.06556050644527], [68.07611032762823, 41.04471864995915], [68.03584019147942, 41.041940644354774], [67.96276890485355, 41.1540246224963], [67.9240416415204, 41.19528914117086], [67.84635957537384, 41.16024061396896], [67.77908955855305, 41.20219185898774], [67.37534922640279, 41.207328718918475], [66.60610079431214, 41.25141137073222], [66.53136179980545, 41.89371811245278], [66.00854999654422, 41.94349955957415], [66.01591198193088, 42.3734014657894], [66.10566926589811, 42.34732018397075], [66.09919910602609, 42.96219009339111], [65.8271894493529, 42.86813426057148], [65.65106832081972, 43.30351197585452], [65.29060357079685, 43.550871706049236], [65.14871942764167, 43.76151073719135], [65.05480184774474, 43.77498164270146], [64.51815789445682, 43.6026284692444], [63.58306215872161, 43.65248121810272], [63.36828060775428, 43.67161971174811], [62.003572706367216, 43.49173511294613], [61.09665514530688, 44.27813995219007], [58.893888771537206, 45.4349405468918], [58.59690869137724, 45.590901537683365], [55.99966960863846, 45.00021774948617], [56.00495808720659, 41.318364799788284], [57.04380381911636, 41.264369525121346], [57.088898745332386, 41.33465836481902], [57.158670248803844, 41.369381336954014], [57.13633907284065, 41.38176876336011], [57.08291008502902, 41.37718927338787], [57.03163051829192, 41.44586831913934], [57.0198985675547, 41.58641029042306], [56.9730290081516, 41.66875201460286], [56.977751121937445, 41.8360798266455], [57.01762894076743, 41.90771524590392], [57.1544118056947, 41.961349306067284], [57.240633046072666, 42.09592052939643], [57.38959817878583, 42.16390843978975], [57.595497180216576, 42.16764075128591], [57.67561827776357, 42.15197146733266], [57.769201440366935, 42.18127220812741], [57.8584102532771, 42.18161107035178], [57.83380046077246, 42.218710785201765], [57.85672914318276, 42.247980322220485], [57.91777423691719, 42.238014235051075], [57.94731126674521, 42.371631232531286], [57.90717048663314, 42.43833047256174], [57.92992975356968, 42.46052784170082], [57.96232071263599, 42.442927772990316], [57.9799564615668, 42.48644860709452], [58.06755101209901, 42.501819138259265], [58.12205015271082, 42.44266913882204], [58.21611925984594, 42.468059295108176], [58.35041856309461, 42.434700748470696], [58.40260786228734, 42.35136906159657], [58.41566850911381, 42.292361763584104], [58.51137866205077, 42.295148708992365], [58.50595191408347, 42.32906463384534], [58.4080300697546, 42.37061006819259], [58.39225829479778, 42.416101839066904], [58.29278018239251, 42.558271315102736], [58.15477106617298, 42.60972936598458], [58.16063918750046, 42.63837020248561], [58.297167880110756, 42.689449194300956], [58.504868399805964, 42.65274629190763], [58.58857019385976, 42.65814180300997], [58.60452041435779, 42.70074856318637], [58.58396836889582, 42.719249367832234], [58.6398899922789, 42.73401793749144], [58.620461727542576, 42.75456987659131], [58.63434289857944, 42.7897165080254], [58.94923114445863, 42.53857996221457], [59.104118060200975, 42.50807972296015], [59.16316991505873, 42.52872535058528], [59.2697870740213, 42.4468562237721], [59.26975136839669, 42.39925979305389], [59.419251657059554, 42.27655870638869], [59.74774033899679, 42.28024192832933], [59.805490152241944, 42.27011530925828], [59.83715864646545, 42.30082958429534], [59.914501666819675, 42.262271776058746], [59.96969204354332, 42.21842097804511], [60.03442033724475, 42.20007178444591], [60.04617006045005, 42.16278029122813], [59.9694690271705, 42.138999931959525], [60.000504407889245, 42.071712092970664], [60.0295555220273, 42.01102815956295], [59.95194034048091, 41.99361538332357], [59.95804038700951, 41.966780516707374], [60.03052749740227, 41.92975660900055], [60.13767970945794, 41.87872221540859], [60.195710490130736, 41.830630815852025], [60.27221085217597, 41.804241835762035], [60.31677955170096, 41.760431151537446], [60.26495135367596, 41.762049820810255], [60.09324026192953, 41.81135856196126], [60.060568527500806, 41.75355967748135], [60.16368969098705, 41.59700955794972], [60.1027783874584, 41.53032816903251], [60.10607812452256, 41.41183199493106], [60.48500799512286, 41.217482113303404], [61.046052097099654, 41.23468975125171], [61.0809000009338, 41.209130185722536], [61.132228691718566, 41.20475133167492], [61.23598306486773, 41.15010952354441], [61.36186793890756, 41.153168479480854], [61.40576782319577, 41.22828204250541], [61.421539643517825, 41.28588025106592], [61.5043585267679, 41.277390083647674], [61.58594221595735, 41.27145501925773], [61.629480932972896, 41.26126154208306], [61.6749682120348, 41.2220883411112], [61.736699979613505, 41.19389792962172], [61.89061033008762, 41.09510655243073], [61.909811246154405, 41.04943195386051], [61.97087859221065, 41.01914126815231], [61.99247404875135, 40.95286562975076], [62.01428793512996, 40.80163079459193], [62.044649942090366, 40.72299004303183], [62.14430198378569, 40.5564783225986], [62.32861891243339, 40.44584803863013], [62.34946078254629, 40.43829876138729], [62.33457179564573, 40.37494832038481], [62.39240192658592, 40.304333991937035], [62.395790770893775, 40.22860059254361], [62.41191934717486, 40.12987169637445], [62.396490844099624, 40.099277740924514], [62.43617688930663, 40.023272392876066], [62.46228047039605, 39.96973194430494], [63.35847059065326, 39.47477174090698], [63.560980698415456, 39.36553493175314], [63.77961488190655, 39.187048285978975], [64.18762258558087, 38.95815371903402], [64.26175064758162, 38.96552905704249], [64.32309010421014, 38.98627727328872], [64.58165993362884, 38.805951160381774], [64.89423851859502, 38.65493034525629], [65.05106066060482, 38.5955886171531], [65.33500283983643, 38.390612716926114], [65.56536888252914, 38.291477940815504], [65.79745170018302, 38.235850689271565], [65.84177964057984, 38.262012188224915], [65.88991117729906, 38.27868926177446], [66.0010097174597, 38.2270082894979], [66.09989022050516, 38.19458170520651], [66.19433844275886, 38.160942231102794], [66.2444721611222, 38.154574652408414], [66.32704130812641, 38.071889493831236], [66.42734875827963, 38.02670989755372], [66.55124049518737, 38.03824111512996], [66.63018880808545, 38.00487815169574], [66.68420190362346, 37.935668422983], [66.65239067695143, 37.90437003176559], [66.60632818631505, 37.8728396757997], [66.54443136351736, 37.77377182453884], [66.53827788402025, 37.579462094642004], [66.64621034206955, 37.465108421941466], [66.64114927987679, 37.442518593138644], [66.52141797149008, 37.392188763942], [66.52048155048669, 37.37202025284582]], [[70.65750178766216, 40.94111145967469], [70.66942538041815, 40.966002133079655], [70.58797991266945, 41.032968948918224], [70.57722898264568, 41.011948704500256], [70.65750178766216, 40.94111145967469]]]]}, "id": "0000000000000000006d", "properties": {"ADM0_CODE": 261, "ADM0_NAME": "Uzbekistan", "DISP_AREA": "NO", "EXP0_YEAR": 3000, "STATUS": "Member State", "STR0_YEAR": 1000, "Shape_Area": 48.6957499181, "Shape_Leng": 67.4218107816, "iso3": "UZB"}}, {"type": "Feature", "geometry": {"type": "MultiPolygon", "coordinates": [[[[70.58797991266945, 41.032968948918224], [70.57722898264568, 41.011948704500256], [70.65750178766216, 40.94111145967469], [70.66942538041815, 40.966002133079655], [70.58797991266945, 41.032968948918224]]], [[[70.50628917336508, 39.89485920603021], [70.54598857137314, 39.838629917766895], [70.6476917742169, 39.79671884635953], [70.70661428225739, 39.84252723072537], [70.73867080292999, 39.87626921429245], [70.72455774576258, 39.89696390313888], [70.50628917336508, 39.89485920603021]]], [[[67.7786570424808, 37.17963229819885], [67.78841801296079, 37.12820106670153], [67.81328647204373, 37.07013016906878], [67.90031024538466, 37.06317841800167], [67.89592252549454, 37.03240614098697], [67.9501451479471, 36.99238127460061], [67.95382842020753, 36.970299831852245], [67.99777281517443, 36.95192831294964], [68.02185639470612, 36.922694436017814], [68.14077620644855, 36.980885741354804], [68.20747986400211, 37.02590929466986], [68.27239991238429, 37.01229560196714], [68.29436104599479, 37.104701550770706], [68.39916771680183, 37.10138397462634], [68.42035290859303, 37.11446704556339], [68.41786920856028, 37.142273950096104], [68.47460676269053, 37.15153994684887], [68.54056139764661, 37.164061108261535], [68.593602358477, 37.19193493648911], [68.65169552031354, 37.2176461425617], [68.66195592765933, 37.2469424750437], [68.68048348667845, 37.237315218127286], [68.68598604398443, 37.279971008778865], [68.73413092913256, 37.26853786038716], [68.78203509468376, 37.28797064459345], [68.82032535383158, 37.24375418895852], [68.83664563501426, 37.25343043054939], [68.80901707653538, 37.29536828661333], [68.83481303141637, 37.317984829964125], [68.91300330053731, 37.26799834261979], [68.9222470285612, 37.292438680960416], [68.8964556140344, 37.33107233286333], [68.97261709042911, 37.31625029824352], [69.05694312444186, 37.24131509148236], [69.103616505107, 37.194307195592536], [69.1836439787925, 37.14174775402887], [69.2534244429505, 37.09306331330436], [69.33176193789177, 37.13188873988159], [69.37861819714091, 37.167565992286946], [69.41062564150226, 37.17772385610457], [69.448362956192, 37.237908265100295], [69.41777360974956, 37.237774534862226], [69.40453897835401, 37.316415242571146], [69.38218997361912, 37.33302542552156], [69.39326632620698, 37.35937422145042], [69.37872522602406, 37.37527537798312], [69.38450422471881, 37.435870069982776], [69.45843615103816, 37.49654065253598], [69.47732038470843, 37.52201099196328], [69.51133889487127, 37.5505760032304], [69.53944457119623, 37.590801565391146], [69.67809592752282, 37.57449016449488], [69.77632988383114, 37.584153036997876], [69.80912210002471, 37.56766777381951], [69.8664572153756, 37.612174040502744], [69.91767442823593, 37.61785046890649], [69.94595409338693, 37.59492623510229], [69.95850201421109, 37.56382847723874], [69.99857147731501, 37.558464139782195], [70.12571378790639, 37.52583693201414], [70.17394789501735, 37.53419771886513], [70.18233993446066, 37.571230556794745], [70.21108334518547, 37.566530693421036], [70.20325762237712, 37.58272615535437], [70.22243173874975, 37.58327904230263], [70.21502073964932, 37.60502162540873], [70.2657117564132, 37.609413820653764], [70.26457022483471, 37.64906860967744], [70.30242803960893, 37.69860034331602], [70.28876534700987, 37.71833183493421], [70.29317087443046, 37.741728725047444], [70.29623881130193, 37.76964722806142], [70.2732030474419, 37.799090632608184], [70.27008612328656, 37.81717678254095], [70.19118678409687, 37.84397593774883], [70.17202603362296, 37.93195399016745], [70.18926942797974, 37.9462320569363], [70.21250575529884, 37.920971231307504], [70.24402273099635, 37.94435481301112], [70.27495546412405, 37.942860952884175], [70.25961169391383, 37.97186742194369], [70.27753730360908, 37.97249615963824], [70.36275962846209, 38.030375313335846], [70.36800804234508, 38.05504748580219], [70.41947052168145, 38.08855321416114], [70.50595470820477, 38.12384695817923], [70.51763317017928, 38.18698781701123], [70.57881646934118, 38.27337402461958], [70.60454996968531, 38.28202021314308], [70.6106053524245, 38.34600825488653], [70.67404498413298, 38.361521464464225], [70.69395042819303, 38.38227861365321], [70.68325755718013, 38.38709895073976], [70.67403608985028, 38.404101428335196], [70.71137663938813, 38.41430391548819], [70.76001648754117, 38.43346907538218], [70.77061133320188, 38.45617486183974], [70.81845304460732, 38.445892179122076], [70.85605661002374, 38.44214205641369], [70.86914408793511, 38.467233423830166], [70.90187391731656, 38.45730749590062], [70.92029891352418, 38.43539096856688], [70.95739416007676, 38.44641837490728], [70.94522081890267, 38.475763670091986], [71.00083918178773, 38.48423596133347], [71.03697128243623, 38.44318549526548], [71.05621231268142, 38.398407194683365], [71.09032881812207, 38.42302141704301], [71.16505446443455, 38.3862784436545], [71.1830514390959, 38.35052091710909], [71.26615119103734, 38.31247138062057], [71.3339563058898, 38.292779999509946], [71.34113992290693, 38.27171524162623], [71.37352639860205, 38.255974584121304], [71.37851608851402, 38.20869919828564], [71.368197772144, 38.1721613322639], [71.36520565795308, 38.150360786169266], [71.33881668225507, 38.13249312665441], [71.30701884008643, 38.04758739027037], [71.2860031119708, 38.033291561853076], [71.29531823594698, 38.020957663289444], [71.27316536042919, 37.97696862114241], [71.25731770130882, 37.92289308411087], [71.29772611817585, 37.93198965046176], [71.33097759714974, 37.88535639589778], [71.49126002683599, 37.94132259563319], [71.51607486644147, 37.95280026301787], [71.59005138468892, 37.9222599540706], [71.59594186723524, 37.807861654729386], [71.5340450476132, 37.765567125895146], [71.55154257248643, 37.71363195997879], [71.52590718883202, 37.64244690391881], [71.49608033565472, 37.532191175416], [71.52212592145932, 37.4721047510669], [71.49504579402394, 37.40607881649023], [71.47661636865753, 37.40125411479463], [71.4909344980482, 37.358821325013835], [71.49819388151755, 37.31958119355458], [71.47552388956332, 37.22725552840256], [71.45411574710295, 37.205776023562926], [71.46067948142844, 37.1836098457698], [71.44261569547511, 37.12612311318712], [71.43103537300526, 37.057649111387235], [71.46937030970842, 36.998356501830735], [71.47489508529205, 36.940356960567264], [71.54244154283312, 36.845690236691354], [71.58812058672132, 36.734984162088914], [71.67556807192524, 36.6722758009166], [71.84212882259426, 36.679816163232466], [71.94473721749222, 36.750113902887755], [72.0714515079273, 36.840343754203786], [72.11779942011097, 36.85443903386733], [72.25370382141716, 36.94738002961196], [72.35658425293946, 36.99076266678176], [72.43887254191836, 37.00724791524432], [72.49853529172596, 36.997995307053344], [72.61008416251812, 37.02494613028031], [72.66381631347505, 37.016986626275354], [72.80791665543408, 37.224762854239145], [72.89073103504684, 37.242741948402106], [72.95238257943838, 37.29016899118074], [73.09446293599564, 37.32428106232914], [73.11783754700113, 37.36769936777599], [73.16138952245558, 37.40723372133353], [73.23057249257297, 37.41381540478649], [73.32053487759582, 37.46544734545228], [73.36855937649351, 37.455289498364316], [73.372701933042, 37.441662498941426], [73.4514005975819, 37.47384377093144], [73.54524232262878, 37.46637482528276], [73.6493757044927, 37.435103155303345], [73.68282349981534, 37.44929646031802], [73.77558611929685, 37.43949092143133], [73.77459623248018, 37.33924139192656], [73.6906046182062, 37.310765545389856], [73.65309021088181, 37.31113124664923], [73.63952559943714, 37.28085834548377], [73.6256087447913, 37.26669628331849], [73.65190408764978, 37.23717704934987], [73.70145355443744, 37.25127670349613], [73.7541423533137, 37.22387999079673], [73.78788878120524, 37.23370782300547], [73.82878321152809, 37.226733811478624], [73.87089493924823, 37.26262512163703], [73.91740334291335, 37.28303442915773], [73.95305387567971, 37.27485191880864], [73.9644825811586, 37.29857880108631], [74.01763954179269, 37.29183220787417], [74.0357345242514, 37.307884961402685], [74.06231524321493, 37.31031965641128], [74.06676100054976, 37.326198527920525], [74.12381520223907, 37.32722406456799], [74.17019427411888, 37.340204570999056], [74.20851579813382, 37.340909119366515], [74.25117605959107, 37.378338775826045], [74.23180123224961, 37.40379134530473], [74.25504207540536, 37.408522408872486], [74.33618876716176, 37.405436715307694], [74.36177060203187, 37.42400891009558], [74.41785718890903, 37.38864375086977], [74.43958199436844, 37.416205441646284], [74.46755390764964, 37.406560413448666], [74.46583266379314, 37.42642128125514], [74.49435752455815, 37.39603698189001], [74.52818878750023, 37.40880783769315], [74.55548737710106, 37.3894464027848], [74.57471056123381, 37.376929731018905], [74.65353409359408, 37.38522360435878], [74.69838375454131, 37.39953731564637], [74.735701943482, 37.37795529298371], [74.8252540345798, 37.33473770500404], [74.88931794605432, 37.24936820041018], [74.89836994444806, 37.23569216904805], [74.9349078463443, 37.28950904973001], [75.03278065983108, 37.30226206046818], [75.12441960912938, 37.32658202327356], [75.10080866512686, 37.37168131480629], [75.13722167023391, 37.4139402067446], [75.09399962469429, 37.477647452898374], [75.02613211257575, 37.54324075680376], [75.00388565622588, 37.54283946652207], [75.00636936504964, 37.523290794045835], [74.92800963093666, 37.55623908328771], [74.90052813315343, 37.67482887208143], [74.99461966440275, 37.774298065068855], [74.96440926821057, 37.80379947388814], [74.90542873599595, 37.84287010549881], [74.92628842094221, 37.89032833545605], [74.91332127600467, 37.9396504185689], [74.90925908648904, 38.01711839444666], [74.89894963929561, 38.02921149588552], [74.86016882519715, 38.03062053078646], [74.7857999631368, 38.18552971917446], [74.79601131530755, 38.238566258282944], [74.78160394001083, 38.26383600392848], [74.78618785025273, 38.31235101507496], [74.78777974024831, 38.35452964652625], [74.8491191935432, 38.371380553072136], [74.86943041726178, 38.40353070102795], [74.86725879263582, 38.498420391926096], [74.80958028313842, 38.4895601659065], [74.78530941185718, 38.52202239454098], [74.71153808535786, 38.52598207602676], [74.63221063188044, 38.58254128678218], [74.52323019842481, 38.61541829545989], [74.48822182903439, 38.62934851444075], [74.41982814149333, 38.63832024363319], [74.3439921861271, 38.65547879774094], [74.21845958847612, 38.65280778691765], [74.18135537136422, 38.6689453163088], [74.12443053657785, 38.664722569822004], [74.0889204625376, 38.58865922968884], [74.06849112288502, 38.556370875472616], [74.08256850599534, 38.538819800486415], [73.9496204054931, 38.53159162867337], [73.91472788508344, 38.54392101228589], [73.88261791210522, 38.57772101782121], [73.78972147645868, 38.60521135397535], [73.78107973591479, 38.61680948247675], [73.80556909415934, 38.62887132696905], [73.7542716346841, 38.7450131496295], [73.72707115763065, 38.84244895559307], [73.70338438262965, 38.87284664160082], [73.76203042924682, 38.938422132615074], [73.84403776912345, 38.94665369133846], [73.81975796628099, 39.03296850998073], [73.74484060960732, 39.03039114753389], [73.71047434516515, 39.09635461361376], [73.67361987608179, 39.175200454952964], [73.59905029376965, 39.23934011914697], [73.56794360317903, 39.23977264433374], [73.55783035631593, 39.25812183541347], [73.60247047611972, 39.301352874176565], [73.63384021285091, 39.33340041279161], [73.66923212066631, 39.371137770924825], [73.65538662652395, 39.46034657806702], [73.5439001941599, 39.45706019742477], [73.45785291468528, 39.46342778187313], [73.40292120758535, 39.449051664148676], [73.37374536234546, 39.43053304022841], [73.33970005079748, 39.39169871538554], [73.266330066238, 39.389210536371664], [73.24511813801678, 39.40725202124899], [73.2183010916606, 39.359758156499936], [73.07980143033448, 39.36904201829049], [73.01597829909825, 39.35529905449966], [72.94520788686096, 39.35343963836391], [72.89754007987746, 39.3603779721596], [72.78575038288625, 39.34288938456512], [72.67863834584416, 39.38509926066649], [72.61534140294133, 39.38361884115132], [72.58215235969213, 39.35200379313616], [72.55043033074242, 39.35625776753616], [72.51118129518474, 39.37510194615349], [72.3876106913907, 39.326640442306186], [72.34576648523533, 39.32863812270492], [72.30789982210658, 39.29798180922416], [72.24507992426743, 39.17284152288972], [72.21597098401669, 39.194450395577356], [72.19026867321232, 39.23558110640075], [72.16207822837526, 39.26370467147523], [72.0967211933686, 39.27135205698324], [72.05059185256859, 39.36000787317051], [72.01926214618048, 39.35525891126232], [71.94457223604728, 39.31798087644577], [71.90164447737529, 39.2757085442659], [71.7887043787368, 39.2795478699399], [71.75306279674763, 39.32628366388666], [71.77323128942895, 39.36671878910512], [71.80201479413459, 39.39156490972186], [71.7864703118551, 39.44341086080683], [71.71742118865095, 39.45614167728576], [71.61313173525362, 39.44495822647067], [71.562440652864, 39.45487080896157], [71.54767211033715, 39.53278915803846], [71.56001045508584, 39.574490631911274], [71.49892970225733, 39.61361928421864], [71.42128783879218, 39.57318858991959], [71.33730061919758, 39.5693537842634], [71.29550102528924, 39.518118666453525], [71.25320201275422, 39.55202119408266], [71.16954920733833, 39.50747034658645], [71.097151285991, 39.50474136731993], [71.07260839881027, 39.419710753202736], [70.99958173926663, 39.40293118751109], [70.95099977971825, 39.4345908258864], [70.91241070740121, 39.38330225181067], [70.76999149243998, 39.39749110887784], [70.74596587410413, 39.486677591649986], [70.68641904031011, 39.53019838580992], [70.64113238277254, 39.57551175063066], [70.55618205523166, 39.592781875427065], [70.50990109280531, 39.617940134623076], [70.47808094802957, 39.59839586619284], [70.45166074791396, 39.57680934672691], [70.37495084908838, 39.59098038996775], [70.2838201919139, 39.52548065325856], [70.21494489150133, 39.58498736259154], [70.20066682988497, 39.59212636428777], [70.17949060917128, 39.555320931896794], [70.13695964607004, 39.571101678002606], [70.1254284302884, 39.58730162727486], [70.0708580063207, 39.552600880541796], [70.05733797702152, 39.5314513587778], [70.04996709792398, 39.56765035921942], [70.02169188831856, 39.54242075391634], [69.98819067531034, 39.5480080580856], [69.96524860283327, 39.57174825977039], [69.91017873126226, 39.57391987562065], [69.8623816127295, 39.523581110103066], [69.78509651437783, 39.57397337256523], [69.69586982663986, 39.59085105018777], [69.65794070271838, 39.57564108042907], [69.62615177750254, 39.58517017704588], [69.54610202712671, 39.543299200088406], [69.48329114726437, 39.524892075668326], [69.40424908876287, 39.55194540730409], [69.37389154765496, 39.51630828347737], [69.34019862385254, 39.5392503909761], [69.3484880224999, 39.593316991002595], [69.32076137137324, 39.66249101847831], [69.31215085173622, 39.71877822652722], [69.27662076574728, 39.791131630528675], [69.30795928795598, 39.88331017200083], [69.3439709460417, 39.937960877904], [69.35874847516685, 40.01388156373996], [69.38403155410346, 40.00453081791436], [69.42897035095257, 39.904968015133086], [69.47806060589143, 39.900870080143996], [69.53450836453604, 39.94151927190311], [69.52769044410215, 40.00000039181975], [69.5112497003771, 40.046682656886674], [69.52591121967454, 40.090011759048615], [69.72031912837006, 40.125162901101454], [69.98114080708383, 40.21993214381261], [70.03852946139102, 40.23873172754823], [70.21851664760436, 40.1281147844093], [70.2994805671326, 40.12485069940422], [70.42986015407749, 40.0629004441176], [70.54214931498647, 40.04167955597954], [70.56218401092603, 40.02853861997501], [70.51301792367975, 39.980041434209305], [70.45640074615235, 39.94760146864258], [70.48858210645625, 39.92557352772031], [70.60120559407106, 39.95778602219789], [70.65376949510633, 40.00000037082379], [70.65933887968994, 40.07637135228131], [70.77728216791402, 40.09768143123913], [70.81513096088804, 40.12779815458975], [70.84201041882329, 40.16639166898542], [70.91978160051364, 40.14476064401094], [70.97122185277902, 40.164603579817836], [70.97968072543881, 40.222121558111986], [70.86801145365135, 40.22300893318327], [70.74340633720234, 40.178422391170294], [70.63207594067136, 40.16858113524884], [70.57173092762886, 40.25520810866351], [70.56658067323558, 40.334910031050185], [70.42391179169344, 40.37956795386709], [70.38522909038956, 40.376509030928524], [70.33420796979513, 40.46259196473769], [70.49583258646236, 40.516738788748334], [70.52276113299888, 40.5568885491673], [70.58629432810285, 40.565730963410374], [70.66561730512947, 40.6412145879511], [70.73613354948584, 40.66499054795981], [70.73483152294341, 40.67690082162912], [70.74536832340746, 40.68445005590222], [70.78835851357275, 40.72027895532396], [70.74120804257042, 40.75047149680714], [70.65471033106475, 40.761538989101204], [70.67359019564982, 40.80923802705032], [70.70025117847128, 40.77736882773896], [70.71243787880417, 40.7838211279167], [70.65582070755652, 40.86049981722362], [70.47325171191284, 41.03745031349311], [70.4160102629604, 41.03085983826397], [70.37958826811668, 40.9440009283568], [70.35856360423465, 40.886112926682955], [70.28125173178516, 40.86478056849011], [70.21532840143998, 40.82652151151598], [70.15518850595134, 40.83435164699724], [70.062149301903, 40.75974645424441], [69.91820951410216, 40.70414146988301], [69.86169043760307, 40.71565037504706], [69.82352058827671, 40.692208896738926], [69.76829013767382, 40.689270385397016], [69.71704169492838, 40.62921965984887], [69.66107991410556, 40.63671089503552], [69.64146883842267, 40.66160164908551], [69.56932947419983, 40.714401843978145], [69.52250896320625, 40.76753206539664], [69.40828462129086, 40.78401284910103], [69.34855940731465, 40.71294818857573], [69.35118136391792, 40.63572994900454], [69.35692022046926, 40.59432268989964], [69.32764173916584, 40.569918074065555], [69.25259058379268, 40.56145024566247], [69.23070979395949, 40.53527978461639], [69.2731203282124, 40.4833045159471], [69.28474518733475, 40.42432393007275], [69.30931928342105, 40.36801884001082], [69.33900798862919, 40.34789052425108], [69.31657875007691, 40.2925396884361], [69.25910092749716, 40.289427206019276], [69.25038784337897, 40.25516798172801], [69.29639685413602, 40.23795583807783], [69.31468804469638, 40.20065989765285], [68.97939934447517, 40.21894222387323], [68.81124222185503, 40.18869166826409], [68.75416126089961, 40.190319271647915], [68.53319935034247, 40.130558368074354], [68.60841107585442, 40.091782018484004], [68.92001307762118, 40.15017400355485], [68.99563042640483, 40.140930228287495], [69.00724195047832, 40.069161015263944], [68.88937899087888, 40.06801945171153], [68.84617922644618, 40.0384110108666], [68.8099802360319, 40.07984946868936], [68.79447148716403, 40.0592306017912], [68.82053048372383, 40.027401542875594], [68.81237921842406, 40.000000312366964], [68.91294089993359, 39.90433922477589], [68.89414131449556, 39.868340911522026], [68.85094155049372, 39.88648949975916], [68.81951829717009, 39.970610390613494], [68.78696237345073, 39.983537374435755], [68.80661809100056, 39.92490015670232], [68.8207712725382, 39.87443203602662], [68.78146872768546, 39.84585370548478], [68.77187722218122, 39.82597498868789], [68.74971105792773, 39.83125012461442], [68.72611795933359, 39.86720835208342], [68.67338910822275, 39.85392910459784], [68.64579172824877, 39.84720923335598], [68.6449712535843, 39.78743057244427], [68.61035970765329, 39.744623204597005], [68.58653913211667, 39.73403279303477], [68.62960071969476, 39.66505945999239], [68.54221566245923, 39.58168758417565], [68.51488139792474, 39.53409121056512], [68.41136779219028, 39.54280868937078], [68.34976087164371, 39.53480017106292], [68.25669056764274, 39.55804997249394], [68.18361925849224, 39.55929846902961], [68.02315853478503, 39.58298970175811], [67.88732985936933, 39.61887210998044], [67.78430231739513, 39.64897547783137], [67.73585865006189, 39.6484805405483], [67.7010241414696, 39.65407222238399], [67.61572147857615, 39.597307882083705], [67.49775155685141, 39.56778860922815], [67.48728155706834, 39.525030270209065], [67.43850796487605, 39.53323953212409], [67.42549183871749, 39.49696028890217], [67.52364995641365, 39.32520907930755], [67.39228046162448, 39.29982785268832], [67.42549183871749, 39.22469198562487], [67.54466574877729, 39.184974782498784], [67.61692994857599, 39.17738094209445], [67.64339020267049, 39.14540919034332], [67.68377629059641, 39.132705182865514], [67.68075303072632, 39.05805538534334], [67.6974791257071, 39.00804207257914], [67.75979061677684, 39.00674005138022], [67.82974054480718, 39.00970090803314], [67.86923034186306, 39.00039918309898], [67.89916871879487, 39.02298008068356], [67.9757091991748, 39.03333859532843], [68.02184747967881, 39.009598348540266], [68.08864935142243, 39.02388081058418], [68.13467613915688, 38.97775139686982], [68.20116138566547, 38.91264853401265], [68.19154303508095, 38.849726164532186], [68.1143961625201, 38.81656834698663], [68.07296218271588, 38.80349865222533], [68.12770210930067, 38.741191635455316], [68.05885360354814, 38.70654889994243], [68.0857821155829, 38.64017073190986], [68.06848077041514, 38.54064805907076], [68.1424082537059, 38.47224991461285], [68.1090184480043, 38.411378713746856], [68.16057905334996, 38.42204039495353], [68.22128976355017, 38.373788517866295], [68.23360134847783, 38.32863118783106], [68.32788008916518, 38.28489182259163], [68.4022311092925, 38.18155218618883], [68.36752150908646, 38.076072126797406], [68.28455099663206, 37.98403186206859], [68.26262117693533, 37.90626064685195], [68.12875001889768, 37.87728988202512], [68.00551828547101, 37.70069161464537], [67.93875214385943, 37.64027976848005], [67.87854983820584, 37.54707116433427], [67.84891910391501, 37.51682059839591], [67.8273593264149, 37.419121687474444], [67.81123082535346, 37.20871902927258], [67.7786570424808, 37.17963229819885]]]]}, "id": "0000000000000000006e", "properties": {"ADM0_CODE": 239, "ADM0_NAME": "Tajikistan", "DISP_AREA": "NO", "EXP0_YEAR": 3000, "STATUS": "Member State", "STR0_YEAR": 1000, "Shape_Area": 14.6719042992, "Shape_Leng": 40.0971947646, "iso3": "TJK"}}, {"type": "Feature", "geometry": {"type": "GeometryCollection", "geometries": [{"type": "LineString", "coordinates": [[70.05733797702152, 39.5314513587778], [70.06049949590272, 39.52078967241582]]}, {"type": "Polygon", "coordinates": [[[70.96615179939344, 40.26437153185729], [70.97959601510941, 40.185909166470594], [70.94929194088716, 40.15369221550246], [70.90617694473835, 40.145777297543944], [70.84201041882329, 40.16639166898542], [70.77728216791402, 40.09768143123913], [70.65933887968994, 40.07637135228131], [70.64065078785671, 39.97931014377685], [70.54547129792344, 39.9406496981041], [70.47109352685597, 39.93242266765609], [70.45640074615235, 39.94760146864258], [70.54971187160704, 40.00722852709389], [70.56218401092603, 40.02853861997501], [70.48877830717532, 40.057308748570144], [70.39750045057303, 40.07866780495127], [70.2688509567577, 40.131708805593725], [70.20426982793725, 40.13245791919221], [70.03852946139102, 40.23873172754823], [69.98114080708383, 40.21993214381261], [69.67207606349214, 40.115317131331395], [69.52591121967454, 40.090011759048615], [69.50844938917987, 40.028190782966675], [69.52765916745807, 39.97715188120444], [69.52554553677771, 39.9288776781654], [69.4504811149298, 39.8968078297559], [69.42313785068457, 39.91521944599262], [69.38403155410346, 40.00453081791436], [69.35874847516685, 40.01388156373996], [69.32856030066803, 39.899068601218275], [69.30316132433495, 39.85850860499116], [69.2811734749875, 39.77632295551069], [69.32692833256993, 39.69012847433107], [69.34077825442465, 39.60925823244914], [69.35710745643811, 39.585709705883446], [69.34019862385254, 39.5392503909761], [69.37389154765496, 39.51630828347737], [69.40424908876287, 39.55194540730409], [69.4521488152176, 39.529792601379064], [69.51930726710185, 39.53702078982607], [69.5853198161742, 39.56043105343281], [69.64083120105873, 39.58092065612119], [69.67407826547326, 39.57613162784564], [69.73058839588403, 39.59078860813035], [69.84726077261327, 39.543218928833234], [69.8623816127295, 39.523581110103066], [69.91017873126226, 39.57391987562065], [69.98146193872466, 39.56164845013041], [69.99999835842765, 39.541248032278816], [70.03555083340349, 39.55276146530598], [70.04996709792398, 39.56765035921942], [70.05733797702152, 39.5314513587778], [70.10565676859316, 39.58220041654759], [70.1254284302884, 39.58730162727486], [70.16134649426483, 39.55638219235454], [70.19190023851579, 39.566901252022085], [70.21153816434128, 39.596960082831956], [70.26267953555158, 39.53529955620571], [70.30452821689894, 39.53006014576179], [70.37495084908838, 39.59098038996775], [70.46613947359975, 39.580621927379724], [70.49560070776064, 39.61748084279928], [70.54408896420468, 39.608571519044204], [70.59391939920266, 39.58088049070994], [70.6606186954634, 39.56597820872511], [70.72214093021812, 39.49799029290977], [70.76271866815287, 39.453301151194424], [70.76999149243998, 39.39749110887784], [70.91241070740121, 39.38330225181067], [70.95099977971825, 39.4345908258864], [70.99958173926663, 39.40293118751109], [71.07260839881027, 39.419710753202736], [71.097151285991, 39.50474136731993], [71.21793497615937, 39.52354544316886], [71.25320201275422, 39.55202119408266], [71.29550102528924, 39.518118666453525], [71.33730061919758, 39.5693537842634], [71.43552122628043, 39.57747825960247], [71.49892970225733, 39.61361928421864], [71.56001045508584, 39.574490631911274], [71.54378820168454, 39.50512932919427], [71.57883226638243, 39.44881534324473], [71.66149955557074, 39.445689469035806], [71.77100173058577, 39.45179846939108], [71.80382072996534, 39.40277067767203], [71.7961510654212, 39.37527137862289], [71.75716067288856, 39.35063933195885], [71.76094200775893, 39.31061887523191], [71.79905841976739, 39.27483013000114], [71.91875851316227, 39.28028806837079], [71.97552730981478, 39.33717278631463], [72.03563153606108, 39.366491383228016], [72.07436774083438, 39.309749318464895], [72.10670068614458, 39.264632197440875], [72.16207822837526, 39.26370467147523], [72.21677805223841, 39.204501183189244], [72.23292887454905, 39.175369889635625], [72.26140025683537, 39.18356125741029], [72.32217785581193, 39.31358864674264], [72.3739301585544, 39.326734091847904], [72.48131866440346, 39.358861859530634], [72.51118129518474, 39.37510194615349], [72.58215235969213, 39.35200379313616], [72.62794726041699, 39.387315406743355], [72.70887999502735, 39.37676967330821], [72.78575038288625, 39.34288938456512], [72.84918110728555, 39.35291793188204], [72.92342070870974, 39.36568875940632], [72.9690060900209, 39.3541218768154], [73.07980143033448, 39.36904201829049], [73.2183010916606, 39.359758156499936], [73.24511813801678, 39.40725202124899], [73.295992004644, 39.38644142463743], [73.36439902129645, 39.40997211024944], [73.39011020138828, 39.45124108787312], [73.4368282429177, 39.45071940553614], [73.50898098439879, 39.467788833778464], [73.58677887891308, 39.45785842193745], [73.84241915458828, 39.46389158468953], [73.8677780144869, 39.48983010012405], [73.91000131749952, 39.56448890206615], [73.938740202118, 39.61942050776591], [73.90625121777477, 39.72975210424516], [73.83507945009103, 39.759480871814034], [73.85902931102437, 39.83397907347618], [73.91953040654792, 39.88159781550683], [73.91197219234445, 39.91666869879376], [73.98131117925897, 40.000120707057846], [73.94488033701936, 40.02312971262847], [74.01086172965715, 40.054900790715905], [74.04442529961038, 40.087849117784785], [74.08860166882756, 40.07621085841035], [74.11609203327792, 40.09203172050097], [74.26285883543217, 40.124841834679536], [74.28585892464034, 40.09600034854498], [74.30721801539357, 40.105409021291855], [74.34330106461591, 40.08594949605102], [74.48278615976551, 40.18029069363904], [74.55959869496104, 40.24949152206059], [74.58592072309514, 40.274520478098914], [74.68469870084513, 40.26606151684018], [74.69478971496882, 40.3419821894135], [74.8130094164087, 40.34581253270096], [74.8644896575656, 40.31903119438096], [74.90081797701596, 40.35239421265045], [74.78930037737884, 40.44743099836277], [74.82150839548255, 40.46623060038182], [74.83348107707872, 40.52402050832638], [74.9330394524097, 40.476428583504365], [74.9919798336491, 40.45049884563424], [75.04863271259644, 40.450962586455596], [75.1087101680151, 40.441518269212935], [75.13862189670722, 40.455461895005186], [75.19695133147732, 40.4390791028342], [75.25252071385273, 40.465240675543384], [75.3978606336583, 40.55475711653889], [75.48653878584558, 40.6221297118218], [75.59669639481433, 40.65644244413675], [75.6401146185742, 40.511856135754094], [75.71948220935245, 40.485088122132616], [75.71153161667645, 40.43428111443131], [75.64322709633448, 40.38289889647063], [75.66934853549, 40.36358651351545], [75.66089851859128, 40.354258058680564], [75.68991836119655, 40.33586873271964], [75.69992014094503, 40.27728954796656], [75.79270958485058, 40.307821030939884], [75.82522083559778, 40.33948954127613], [75.84887196172264, 40.3073795658145], [75.90354941659258, 40.29697205520287], [75.92309809798215, 40.29242816274701], [75.92762860259312, 40.3344195800755], [75.97481926776949, 40.38011197869738], [76.10667035251929, 40.40481090811525], [76.20051221888747, 40.386778327917405], [76.29302962423385, 40.46145936601629], [76.31307324225433, 40.438499444535275], [76.32786855197669, 40.36574476256404], [76.46511077386185, 40.42047131728627], [76.52755155557394, 40.473521220080016], [76.5388419802841, 40.53548039577919], [76.64684143459638, 40.64262819410358], [76.63399924839057, 40.757338531634005], [76.78881919755761, 40.86000934890382], [76.77983415081765, 40.93997438887915], [76.79759022716918, 40.96769219568891], [76.83742786945615, 40.98592540501211], [76.87020226782113, 41.02234734472032], [77.06696899426743, 41.05589318178362], [77.1648998323828, 41.01510134717608], [77.23212072054638, 41.026859950325395], [77.27446882663749, 41.00743171203351], [77.35958858529949, 41.03270137620339], [77.46259833469844, 41.01193984129966], [77.54919850512195, 40.992730037060525], [77.62527966423076, 41.01276027677814], [77.66382858900278, 40.99857146772422], [77.72180136282273, 41.02808177613366], [77.76826078505404, 41.02673065740982], [77.8899719058927, 41.07005085505292], [77.95292998497538, 41.069899213247204], [78.01030965750583, 41.06885131382475], [78.05938204979482, 41.03276829268792], [78.12588959625091, 41.071442065517566], [78.19002930298768, 41.07903146925915], [78.27313804457127, 41.21390593031036], [78.3422719371569, 41.26099847405846], [78.3855118202629, 41.27107156621877], [78.40783856983207, 41.32277934405443], [78.37946083186624, 41.36127917320979], [78.39241003784913, 41.410440786659045], [78.50947928229294, 41.43656217485203], [78.56701061928206, 41.466411427851945], [78.64297139379636, 41.47158841752765], [78.7204304591162, 41.55123691050813], [78.8530976519587, 41.58554966406552], [78.95361917054636, 41.64924790987831], [79.01953802284257, 41.6636597622044], [79.0619886352304, 41.689558187523595], [79.1532442046649, 41.72919070433831], [79.21758896037407, 41.734372164141114], [79.26370057328955, 41.78393956592046], [79.32867413086426, 41.80476802849873], [79.36320095248631, 41.80303783416474], [79.4207188650358, 41.84307170395684], [79.47693922877939, 41.84023121030499], [79.48674928018625, 41.8128880331373], [79.46105143057135, 41.79546183971714], [79.50083105874744, 41.784117883899675], [79.67049096950522, 41.7901019792292], [79.7321291000561, 41.836779850034944], [79.76484552727506, 41.88433615668519], [79.83986099028704, 41.991680161736625], [79.86253998699392, 42.031031723469724], [80.03166921734764, 42.05161045655636], [80.16607104998862, 42.03952184022691], [80.28260965124792, 42.05965024809512], [80.25342921940116, 42.10799130552234], [80.26872844668512, 42.14279461937585], [80.25239916821414, 42.21134883272099], [80.1971687658932, 42.23137018372037], [80.11827839429908, 42.205618877623664], [80.11059083139152, 42.285601770167894], [80.06158985326975, 42.339708495160934], [79.98582968850144, 42.3729733727124], [79.93941940190491, 42.43560149466554], [79.87280037429497, 42.43411215556263], [79.85722919154787, 42.42080174370606], [79.84296005866395, 42.443699187154856], [79.75306905111557, 42.45404879958541], [79.73048820957104, 42.470569760673726], [79.65785830291244, 42.475528232094966], [79.60405037514847, 42.45122171614723], [79.50329251098547, 42.46173626249958], [79.38230376461165, 42.55482446750477], [79.33788666880936, 42.60135965311569], [79.21823108314469, 42.65424900397023], [79.17123217538929, 42.72952756167906], [79.17703350662126, 42.783937539342965], [79.0990393213675, 42.770479960768974], [79.0781306029072, 42.7405192438082], [79.02421118505904, 42.77677179960478], [78.92092947009299, 42.77704821920082], [78.78403060978054, 42.81490150139463], [78.71467821156467, 42.8308785179226], [78.67776133876941, 42.825326908657296], [78.64518760468628, 42.850494069265665], [78.54104970914136, 42.874559819967175], [78.50259441328643, 42.89965119018208], [78.39892030586842, 42.87791309408926], [78.3789079152269, 42.88531073304537], [78.33961877855245, 42.85647822775136], [78.17583153275477, 42.879674464990565], [78.14497007588523, 42.85646927285115], [78.08907967355836, 42.859889430037306], [78.06475973885532, 42.84159814951311], [78.00560981814878, 42.86672076121851], [77.95977025762164, 42.85539909816655], [77.92671935019132, 42.87359224729385], [77.80749196080457, 42.891865616799805], [77.76916152532561, 42.91079006811679], [77.57919934256759, 42.91841067716729], [77.42219882365839, 42.93284921934822], [77.2689663141137, 42.91308203608788], [77.21023990590595, 42.93390153194855], [77.17582014118778, 42.959831256238786], [76.97281061408025, 42.97480937401507], [76.84620787716331, 42.98254146076074], [76.79153032493922, 42.951011112681655], [76.74957908368955, 42.9343385545843], [76.72888887857506, 42.90716029853277], [76.51408066529848, 42.91873167152274], [76.46397370221214, 42.88606880193275], [76.32314193633964, 42.86602066842336], [76.27868020249143, 42.91636837692695], [76.08839251424946, 42.91457137291871], [76.02171113323527, 42.91499497095959], [75.98407189744023, 42.92884940116071], [75.91808167606305, 42.95404781530135], [75.81507196967875, 42.93369195698361], [75.75406249243039, 42.81764836320336], [75.70391098634875, 42.79779193362611], [75.56691848274392, 42.82236161617327], [75.415701484998, 42.82447079674052], [75.32664878911844, 42.855269756354424], [75.21479219319639, 42.83981008967251], [75.15157556196598, 42.855198406144304], [75.04530176094752, 42.9139025122268], [74.97329177621678, 42.94244074825749], [74.92046032636009, 42.96079884763992], [74.90570965044223, 42.98372309728437], [74.8312203567313, 43.0058491952937], [74.77611927659976, 42.9915978644521], [74.72817941879279, 43.00672761558268], [74.68485930855661, 43.06768796765854], [74.62571818734287, 43.093278778197245], [74.5942637193169, 43.12843877264073], [74.51209136684561, 43.16275151804938], [74.45275862194735, 43.1888417850882], [74.30306655278132, 43.22165184395058], [74.29219083673777, 43.23811924308572], [74.15621942661343, 43.23019541427835], [74.17426095442873, 43.19186946081334], [74.03563196528033, 43.16153417702843], [73.95437829525146, 43.19197207185358], [73.8971189123765, 43.10166189606947], [73.77830170725751, 43.108769659529436], [73.55817822327653, 43.022851695149456], [73.55417839221154, 42.979540458711725], [73.49938940121093, 42.89010423569322], [73.5036701887776, 42.78321069437997], [73.42561806322449, 42.6323191999541], [73.43932979432438, 42.50869954135759], [73.51404203913944, 42.43264954813704], [73.49604951221849, 42.41211983628648], [73.33403700924639, 42.43374205317138], [73.30922214070462, 42.463738423853286], [73.30346986855967, 42.50379006079118], [73.07236810499923, 42.5330506960156], [72.91078807383244, 42.53499041783916], [72.79734853965387, 42.5805088918022], [72.73125128766944, 42.644407771171636], [72.58274093794877, 42.68268025834057], [72.4989321360024, 42.68514166889505], [72.26144931832614, 42.76080821205542], [72.1558310760422, 42.74723916622268], [72.12834072037262, 42.73854832337076], [72.08861007994501, 42.74434961713089], [72.03209542725627, 42.77370388000171], [71.89920974742223, 42.82155897313127], [71.81910204694864, 42.831248567992525], [71.62420811564523, 42.76488824833621], [71.57060970796624, 42.7748588310658], [71.49946924880933, 42.80946140997746], [71.3903996134772, 42.797189976226576], [71.3662490906663, 42.77696797396087], [71.27712948287719, 42.78040143749351], [71.2158213620692, 42.68754959245714], [71.17274193850501, 42.65914958131405], [71.16335558494058, 42.60842288802089], [71.04089968783714, 42.59851922071371], [71.00693026518056, 42.569089111682665], [71.09159078931118, 42.51194128853293], [71.06521071396295, 42.46409959441077], [70.99460979367167, 42.49487183970715], [70.95318025976073, 42.43944968468798], [70.91464916523043, 42.370931105557965], [70.87144500036187, 42.306118125568624], [70.87949814464764, 42.2589497441054], [71.0031980666676, 42.2672079618071], [71.07028073997178, 42.28784027554227], [71.17276423921359, 42.25251523753097], [71.25799101684078, 42.20202037466823], [71.24118913293367, 42.1545711091924], [71.1968702003245, 42.13779149202912], [71.12794135327299, 42.12049908240787], [70.9581299262579, 42.02634965448059], [70.87453070621241, 42.04642898977749], [70.83414013436543, 42.00020147519812], [70.85025089746792, 41.94517174848605], [70.80081727790856, 41.920111542206854], [70.75437124835143, 41.93018910705459], [70.73805990325454, 41.91373953237336], [70.67923985233806, 41.908861245666195], [70.57853107068595, 41.81567940307112], [70.50840281749899, 41.77057115715527], [70.48135830971172, 41.71238430073216], [70.38093942998286, 41.661390082745285], [70.31577852933097, 41.631291130846286], [70.25162992612769, 41.60853184343278], [70.18662961289397, 41.58891186175209], [70.18130543633168, 41.53179963889252], [70.2092506212568, 41.51301794464116], [70.3324109611456, 41.51056990463727], [70.39449063969224, 41.46863201815587], [70.47911099894581, 41.40192834085588], [70.54943989204907, 41.411341477071964], [70.61471221593709, 41.452708594050634], [70.71180026423349, 41.463562046473584], [70.79062826431293, 41.34190886898622], [70.7777413927512, 41.27866095739051], [70.79688877986639, 41.24116886282886], [70.78188836909868, 41.19219010215482], [70.81953209278215, 41.17499133767904], [70.86866245790056, 41.23195189546978], [70.96167930904389, 41.16308998361197], [71.03603034581073, 41.19087911636168], [71.13299798958373, 41.14776848897837], [71.19265188682259, 41.18398087392882], [71.21595959303748, 41.167593701392896], [71.23990044957915, 41.191231365177295], [71.26694049888135, 41.180288762969695], [71.27844939775031, 41.10556312842472], [71.32175171276573, 41.130939825596926], [71.34712850477628, 41.1657074779348], [71.38742987840978, 41.14099071294787], [71.40140911167397, 41.10463118944647], [71.44364124070854, 41.14333168169254], [71.4707302931175, 41.23283926217404], [71.44818953142833, 41.24490998992699], [71.45704090845935, 41.29532906252486], [71.4876882512736, 41.316028252608184], [71.55161393369681, 41.31406621030993], [71.5851508871125, 41.29914162262345], [71.62919786399836, 41.352690972608244], [71.64187502859906, 41.348749102209645], [71.6761611121213, 41.398579560565445], [71.66496875970113, 41.43241077029616], [71.66998967635632, 41.476430981094765], [71.61990061716097, 41.50117011714921], [71.7047394836928, 41.55456782947465], [71.73227884137049, 41.5467599118414], [71.7213585789509, 41.47443782090496], [71.69648126327415, 41.44316166101163], [71.72251788245723, 41.42314918173588], [71.72327149994516, 41.453841220432295], [71.73640802446333, 41.45657014978661], [71.76145036364267, 41.43742727815918], [71.77667813387296, 41.46737906398152], [71.84092489108814, 41.38423911756897], [71.8374690592018, 41.37104909381539], [71.87796217910679, 41.38094828335857], [71.91079901394643, 41.32174032118442], [71.9318236235826, 41.3022183799866], [71.86359939848333, 41.197460756235216], [71.88377680331762, 41.18158631357522], [71.95312031059782, 41.158679957253185], [71.99898214691831, 41.16778984513498], [72.08305849559943, 41.14080785007941], [72.14557513865458, 41.16132860614308], [72.20060932212662, 41.146288073019704], [72.22570074299753, 41.044790021440264], [72.1771322272387, 41.01700092847085], [72.21479819621526, 41.00274961823894], [72.32926781773979, 41.05215199880457], [72.36181924635154, 41.06136897324138], [72.50081831172764, 41.02545984445836], [72.48336990573738, 40.972182524349144], [72.52347059456848, 40.976320499163876], [72.57347938400801, 40.90005207724504], [72.65171872674931, 40.863728198361464], [72.75229829298996, 40.86062916559425], [72.86819920114736, 40.86172161470718], [72.91292846781045, 40.81462014005967], [72.97021005662381, 40.8271591434333], [72.9979590537608, 40.845361209064215], [72.97569027072677, 40.86230131349546], [72.98983009831868, 40.889327957334196], [73.06974163919809, 40.850631836109244], [73.12725070756524, 40.85056053210151], [73.11141193001214, 40.79492878933552], [73.00295771671, 40.76421003849635], [72.81526078913863, 40.680659872141625], [72.77379115388653, 40.68136880677918], [72.77747881667287, 40.65315166998319], [72.76123425619076, 40.614593783289386], [72.75104075539042, 40.56677435387841], [72.68290123686879, 40.592623777263235], [72.62898182525034, 40.518018570171726], [72.47632000069133, 40.56405880255539], [72.40612931338633, 40.62294121159751], [72.35576819552024, 40.61248911719394], [72.42735020698015, 40.55019098608418], [72.38815021110699, 40.5305397135433], [72.42039400142527, 40.51639545984624], [72.43554599093176, 40.46492405472409], [72.41050817821464, 40.40123916093978], [72.30295912381379, 40.44422935056372], [72.24870966811994, 40.46297542877649], [72.24046033880168, 40.496971655115836], [72.19195868693254, 40.49951774143088], [72.14249835890737, 40.45337948570048], [72.09784934897606, 40.45741050961753], [72.09754613328641, 40.41281055617339], [72.07076925626235, 40.38346965128859], [71.95122071891164, 40.309649233388186], [71.99500907529158, 40.27522942856306], [71.93947097319537, 40.22464091673743], [71.86252927015246, 40.24772125026595], [71.84290921314066, 40.229059936643324], [71.85177829519762, 40.19616958080672], [71.71619045030404, 40.15079823390922], [71.6838486312658, 40.18109785624081], [71.6653388446359, 40.24703900682698], [71.61104035252868, 40.252372112680355], [71.60844969290484, 40.18643091577604], [71.56280179422018, 40.20276905781649], [71.48811187730534, 40.23136080746443], [71.49137152535828, 40.256336222852745], [71.4058325495459, 40.28304179546753], [71.35802205614753, 40.30144006259944], [71.3326364052265, 40.31568243747268], [71.27773152921179, 40.31042962699266], [71.27128814275665, 40.327650618613376], [71.12655909453598, 40.321510448720005], [70.96615179939344, 40.26437153185729]], [[71.77971923959484, 39.90494568475097], [71.81487927365735, 39.993610473657334], [71.72694135515036, 39.96083159304443], [71.68944924338975, 39.94583122816316], [71.73716160989466, 39.91366324730573], [71.77971923959484, 39.90494568475097]], [[70.6476917742169, 39.79671884635953], [70.70661428225739, 39.84252723072537], [70.73867080292999, 39.87626921429245], [70.72455774576258, 39.89696390313888], [70.50628917336508, 39.89485920603021], [70.5254321309769, 39.85466038491192], [70.6476917742169, 39.79671884635953]], [[71.06550061019367, 40.014969538346605], [71.09724050574295, 39.99278996687271], [71.05684997117791, 39.90589106580256], [71.07560939972856, 39.88961085900981], [71.10145874596961, 39.91525065012526], [71.14111799332042, 39.879310316525384], [71.18561095907768, 39.87870835903281], [71.21715019018484, 39.90718861582509], [71.22160037146148, 39.95343845030847], [71.17052128925353, 39.96034999633286], [71.17927898344539, 40.01041683626538], [71.17139083955652, 40.0277002551774], [71.13513834159428, 40.014149105842634], [71.11607123439693, 40.02907816820298], [71.08368032851712, 40.13109789799402], [71.04118960122395, 40.18445106041194], [71.00393819693618, 40.17478817200104], [71.01360112537964, 40.028779375688785], [71.06550061019367, 40.014969538346605]]]}]}, "id": "0000000000000000006f", "properties": {"ADM0_CODE": 138, "ADM0_NAME": "Kyrgyzstan", "DISP_AREA": "NO", "EXP0_YEAR": 3000, "STATUS": "Member State", "STR0_YEAR": 1000, "Shape_Area": 21.4710302899, "Shape_Leng": 43.2762475785, "iso3": "KGZ"}}, {"type": "Feature", "geometry": {"type": "GeometryCollection", "geometries": [{"type": "LineString", "coordinates": [[70.93059497356096, 42.24958565445645], [70.94022211318227, 42.25919947230037]]}, {"type": "LineString", "coordinates": [[52.77196271727346, 51.517100369914345], [52.77883857311267, 51.52563952662007]]}, {"type": "Polygon", "coordinates": [[[56.00060157594864, 41.318048194898736], [55.99966960863846, 45.00021774948617], [58.59690869137724, 45.590901537683365], [60.78792257732619, 44.44027511616983], [61.15492332331092, 44.23933016095348], [62.019005648916604, 43.48716450567166], [63.38135029506787, 43.673389954058656], [64.32413797550409, 43.606958263135], [64.53652942921454, 43.6033107346261], [65.05480184774474, 43.77498164270146], [65.14871942764167, 43.76151073719135], [65.32173251282114, 43.525780356106736], [65.65106832081972, 43.30351197585452], [65.8271894493529, 42.86813426057148], [66.09919910602609, 42.96219009339111], [66.10566926589811, 42.34732018397075], [66.01591198193088, 42.3734014657894], [66.00854999654422, 41.94349955957415], [66.53136179980545, 41.89371811245278], [66.60610079431214, 41.25141137073222], [67.37534922640279, 41.207328718918475], [67.80344969580169, 41.19342076295632], [67.84635957537384, 41.16024061396896], [67.9240416415204, 41.19528914117086], [68.0116718112732, 41.089447941317026], [68.03584019147942, 41.041940644354774], [68.0871956285631, 41.05177294204298], [68.11778059461322, 41.061658800656936], [68.14166801012873, 41.040549448572136], [68.15110796641379, 41.0308286101857], [68.13102860222219, 41.015948531012285], [68.14179737307569, 40.9770206272294], [68.09141843115287, 40.86697890539025], [68.0155602084422, 40.81388882555003], [68.08139884588881, 40.79569130230415], [68.2880380469754, 40.66833041049771], [68.43549154616822, 40.61148131706373], [68.48219620580723, 40.592699601372956], [68.5519276368325, 40.62130471716132], [68.61971931515998, 40.60361101397711], [68.6441418635181, 40.630450387357165], [68.62906562155047, 40.64508513451974], [68.65194969512186, 40.6716702802258], [68.62861076078498, 40.71804938656684], [68.58878206982328, 40.74195909520759], [68.56805175894246, 40.861391631468074], [68.59621982808494, 40.884240077907094], [68.5994393538699, 40.91833885001352], [68.61439069833908, 40.92331516612681], [68.74480154481437, 40.987459388475074], [68.76736018462137, 41.04517796132715], [68.90714855118642, 41.18579124127336], [68.94330739071943, 41.192386243380085], [68.95290781916299, 41.22393883459542], [68.98630200399141, 41.24783071802931], [69.00071830565872, 41.3018304576886], [69.036689870541, 41.344200824549326], [69.07432914258032, 41.33253132595749], [69.11323031011212, 41.38626799648774], [69.17105152199575, 41.414882044111636], [69.19475160565318, 41.451540281987725], [69.28584211698733, 41.46027118624693], [69.36635563789551, 41.458113008429144], [69.42313785068457, 41.454898001009965], [69.43215860348755, 41.47944090126032], [69.40984972730905, 41.508759516793226], [69.47265173235834, 41.5466395881694], [69.51998062974974, 41.563049054325404], [69.59460818046406, 41.63949141235702], [69.75247818522254, 41.696608070286615], [69.84096897454911, 41.719117547876564], [69.89641789378634, 41.69737050471285], [69.95211212791575, 41.71879210450584], [69.99999835842765, 41.78801071139722], [70.02395266613412, 41.76340091654824], [70.0458914727284, 41.76831039979908], [70.07575409161493, 41.811024104351254], [70.17251213176635, 41.86068956999654], [70.23682127905249, 41.9373638153838], [70.33089039692504, 41.97560953155961], [70.32936092842105, 42.042438082197044], [70.39585956312372, 42.08883948404128], [70.4171071747272, 42.13260109942193], [70.5583180065258, 42.05488788264013], [70.55916071031473, 42.01872903982133], [70.60191016232366, 41.9970711643763], [70.62748307613438, 42.00166855012338], [70.70183862727056, 42.13060787390408], [70.7957204858919, 42.20989964361391], [70.83904070644152, 42.1939405164715], [70.93059497356096, 42.24958565445645], [70.87949814464764, 42.2589497441054], [70.8804478636481, 42.33346127571811], [70.95318025976073, 42.43944968468798], [70.99460979367167, 42.49487183970715], [71.06521071396295, 42.46409959441077], [71.09159078931118, 42.51194128853293], [71.00693026518056, 42.569089111682665], [71.05375978472075, 42.60082009580497], [71.16335558494058, 42.60842288802089], [71.18935207962791, 42.68048191896348], [71.2468031664187, 42.71674331238445], [71.27712948287719, 42.78040143749351], [71.3662490906663, 42.77696797396087], [71.3903996134772, 42.797189976226576], [71.51762223730468, 42.809069038721084], [71.58302383612158, 42.77139411422853], [71.63721973154804, 42.76714011258746], [71.74882214001636, 42.80462778263525], [71.85164900295797, 42.831511679913575], [71.94281089077697, 42.80935438430168], [72.03209542725627, 42.77370388000171], [72.12834072037262, 42.73854832337076], [72.22846984671715, 42.75893982367318], [72.30640147843371, 42.75090006882134], [72.55946887875629, 42.67692800347992], [72.62146818731617, 42.6769280135666], [72.74428075052535, 42.63890970702829], [72.8328385152669, 42.559542161220044], [72.97540933423235, 42.52756150049468], [73.13460824242425, 42.53143201419678], [73.30346986855967, 42.50379006079118], [73.31175935451212, 42.44769010205837], [73.37937714944565, 42.42576023454455], [73.49604951221849, 42.41211983628648], [73.51404203913944, 42.43264954813704], [73.43264115169724, 42.53017009711114], [73.42561806322449, 42.6323191999541], [73.50669787013706, 42.80241160924119], [73.51001547869613, 42.92558536013284], [73.56359151915579, 43.00098871624595], [73.55817822327653, 43.022851695149456], [73.80441869280392, 43.11095015657265], [73.8971189123765, 43.10166189606947], [73.95437829525146, 43.19197207185358], [74.05192111466175, 43.15814977471145], [74.17426095442873, 43.19186946081334], [74.15621942661343, 43.23019541427835], [74.29219083673777, 43.23811924308572], [74.321331023066, 43.21276036526839], [74.42772962467647, 43.19814787408654], [74.49698846063137, 43.17318137129627], [74.51209136684561, 43.16275151804938], [74.61263971227221, 43.1220577847469], [74.64812961163335, 43.08272849025371], [74.70320849742943, 43.04785832865086], [74.73716902792222, 42.99636019558392], [74.81795894354283, 42.99468804687229], [74.85307882064087, 43.000640899388344], [74.92005009787354, 42.97611138624428], [74.92046032636009, 42.96079884763992], [75.0243529336652, 42.929518302038645], [75.16995150309529, 42.84834033074834], [75.26031069731073, 42.845669349041145], [75.34073057207958, 42.8514795179451], [75.4514189139086, 42.819588030717284], [75.6595786557432, 42.81304207788491], [75.71628945948677, 42.79719892546858], [75.77108739763213, 42.83680466609381], [75.81507196967875, 42.93369195698361], [75.87901991233902, 42.946552013131814], [75.93574858758204, 42.95019066974639], [76.05258147728, 42.90976894319659], [76.19846990065996, 42.91948084395], [76.27868020249143, 42.91636837692695], [76.32314193633964, 42.86602066842336], [76.48538188261807, 42.888869118353256], [76.51408066529848, 42.91873167152274], [76.72888887857506, 42.90716029853277], [76.7554606854162, 42.94590992964691], [76.80682951011163, 42.95374010202822], [76.85967880172961, 42.985078637041404], [77.07091982070213, 42.9635501598734], [77.18801574646092, 42.95560399103145], [77.25156239711397, 42.914620393942045], [77.40841576188203, 42.92894750535358], [77.56023027849038, 42.926499471516635], [77.75666713704162, 42.90780691708593], [77.79497075114213, 42.90571115651727], [77.84614343412741, 42.8804101575102], [77.94921109705886, 42.865177892967615], [77.97349978153659, 42.8510381009285], [78.03009916606456, 42.864718582385], [78.06475973885532, 42.84159814951311], [78.10348706397262, 42.863314016948294], [78.15733071860453, 42.85768217054533], [78.1883616134947, 42.88064206434918], [78.33961877855245, 42.85647822775136], [78.3789079152269, 42.88531073304537], [78.43679144736525, 42.88582800660198], [78.50259441328643, 42.89965119018208], [78.57896543243184, 42.865342904594314], [78.66231939973603, 42.8443806697231], [78.69176730981366, 42.82063593837434], [78.72793957694843, 42.82716852495219], [78.93423094790865, 42.774907860753345], [79.03587175486913, 42.77188011002188], [79.0781306029072, 42.7405192438082], [79.0990393213675, 42.770479960768974], [79.17703350662126, 42.783937539342965], [79.17686845050788, 42.7074995905684], [79.25150934982108, 42.632221067712464], [79.35750222883492, 42.58915955095889], [79.40800152379788, 42.53591784618562], [79.50329251098547, 42.46173626249958], [79.63131781526155, 42.45864166884226], [79.65785830291244, 42.475528232094966], [79.74419098325873, 42.4674795979363], [79.75306905111557, 42.45404879958541], [79.84296005866395, 42.443699187154856], [79.85722919154787, 42.42080174370606], [79.89460092350248, 42.43739849518123], [79.9516283682521, 42.42955941035786], [80.00944061832426, 42.35627855232174], [80.08475932581857, 42.32836012802693], [80.11760057621439, 42.25798214095485], [80.11827839429908, 42.205618877623664], [80.20948032617306, 42.23104019582521], [80.24102847103516, 42.22069954833115], [80.27856962846069, 42.234950865341936], [80.28281919479237, 42.27807038417343], [80.26450122420175, 42.29152793233817], [80.27518965526504, 42.32679050544125], [80.23435771900057, 42.3459556843562], [80.22114093806576, 42.41936140883109], [80.21010013451483, 42.46136173129826], [80.22547958817944, 42.48977066292471], [80.27239377400474, 42.509368372872245], [80.25756733330599, 42.52535869944451], [80.20134698794082, 42.55780761117052], [80.16732849457068, 42.636591033807946], [80.1941811558502, 42.68695206718751], [80.23684139073238, 42.74951328200854], [80.26834943595073, 42.8291215830255], [80.32184076266265, 42.83515922446667], [80.35564970948617, 42.82370824421303], [80.42000787754421, 42.83831181823835], [80.49947799051101, 42.88173005505026], [80.59083155872544, 42.89566921378153], [80.5560906997407, 42.92637903514504], [80.43727802179914, 42.96252903149385], [80.38821893019849, 43.00810101355898], [80.39331575125965, 43.04520967224671], [80.5567685538083, 43.10737842049427], [80.64751122338109, 43.14491962854489], [80.72245981886498, 43.13249208842481], [80.77720860526023, 43.14879007237325], [80.79945062843885, 43.175419844367084], [80.75095790128941, 43.297108706714035], [80.6693920380926, 43.29771961202068], [80.68011175643365, 43.34581099641869], [80.73429871496177, 43.42135708927802], [80.73259975649785, 43.49412073988939], [80.50539072241186, 43.881103805347045], [80.4967178359757, 43.940771055298846], [80.45528386813989, 44.01679422394067], [80.40177013290369, 44.241314478060524], [80.34510837192522, 44.483778053629116], [80.40411118335402, 44.6091813893697], [80.36589671732857, 44.65945325737239], [80.45360726252368, 44.69922846425024], [80.48669820301228, 44.706104367553785], [80.46438929103891, 44.7472217649512], [80.35449926083723, 44.79900086735948], [80.3300588689074, 44.82096193738667], [80.2930751181882, 44.81324769643668], [80.27376723130877, 44.84100555245521], [80.18863848521443, 44.82402979314098], [80.15307720211302, 44.83060697114499], [80.04018165488371, 44.800418822606666], [79.9981501298845, 44.81204819593376], [79.9648406664044, 44.87416790588148], [79.87872207475912, 44.896748831878014], [79.85903065095951, 44.884499637457054], [79.84193448130762, 44.89418482795887], [80.0428526238473, 45.004057089025174], [80.05966791743315, 45.01681898467105], [80.0860479717193, 45.019360679927416], [80.08182970463962, 45.04956218225633], [80.14999150772721, 45.04548208964439], [80.19233061282635, 45.02913058142402], [80.28536090681219, 45.06083476851056], [80.32161779418821, 45.063590545371866], [80.34158126131076, 45.044590279821186], [80.40952904326636, 45.0596308609599], [80.47015045513938, 45.117822085490026], [80.60605052152604, 45.11034864299989], [80.7187587243551, 45.15494860811226], [80.7216705670752, 45.171768307242516], [80.87127787762155, 45.1312306109496], [80.9207382126574, 45.14986969002929], [80.95162192279491, 45.16713087947535], [81.07520142541769, 45.17439920317458], [81.11391088363251, 45.219485181580204], [81.16807117672232, 45.213411887305014], [81.22365831514486, 45.245602118404854], [81.29294826998526, 45.24698887256789], [81.31329071085014, 45.26425898632551], [81.37344842575975, 45.258988352026236], [81.41554675419859, 45.28804385253618], [81.45277138635615, 45.268691314759934], [81.57207908833018, 45.31949829833003], [81.62632848094029, 45.35387798077157], [81.68124229117326, 45.359576754897084], [81.74182815045991, 45.34256974640623], [81.7944856365717, 45.287094077200365], [81.8183418656154, 45.204890498698084], [81.90735889836945, 45.20570207573943], [81.9407620030948, 45.16119135190801], [82.0304211765088, 45.164959266773025], [82.16860867586618, 45.22324415465038], [82.28619967819576, 45.231890362885345], [82.4779588620622, 45.12211176963018], [82.59237939175365, 45.24042061804688], [82.62877900344446, 45.376320659563035], [82.58381790831763, 45.44652918280483], [82.4047092105404, 45.47776071546946], [82.27349122960358, 45.55175059463049], [82.3095207515194, 45.6736312446642], [82.50919035698806, 46.0048889348702], [82.52902896730937, 46.184019907617916], [82.75154256025982, 46.55693009521843], [82.83510160305356, 46.79670935599358], [82.91648914129149, 46.95087832521605], [82.93314832787217, 47.005769841022975], [82.98077155517531, 47.03231932492164], [83.03087842453029, 47.21211921834494], [83.14167814882946, 47.224149866114075], [83.17467103847937, 47.22365937050834], [83.23374076802025, 47.181618958641316], [83.35115786641309, 47.17403843634771], [83.40608949968113, 47.12458257656862], [83.45809155162023, 47.131948980293565], [83.58209918330923, 47.05810184436627], [83.96519835590996, 46.99476918768716], [84.05841137260279, 46.964469626428354], [84.21754337353279, 46.99962962152076], [84.40182011645115, 47.00689798563539], [84.44711124956746, 47.00347786737469], [84.50701926093026, 46.977829074355945], [84.60980154987024, 46.996561811251496], [84.7047313452357, 46.996231790776434], [84.78020164176328, 46.90210907942737], [84.69533156003446, 46.83989129669733], [84.79006066371689, 46.83754133475326], [84.81780079753976, 46.82992070092096], [84.87834201785662, 46.85573446357496], [84.96259220256916, 46.87164004939029], [84.98623440811213, 46.91985633651488], [85.07764147234649, 46.93906164415685], [85.14137985515849, 46.98458908971363], [85.19023823430979, 47.00691135588709], [85.2231999692901, 47.053638310878924], [85.29166944840047, 47.0619812651693], [85.33787913325102, 47.0530674864568], [85.52971856310978, 47.059399430024506], [85.58568473835663, 47.19910310233579], [85.69066087569229, 47.218228128859785], [85.69829930350345, 47.397778291312015], [85.60349883392792, 47.51965896084168], [85.61717488669807, 47.6300261517808], [85.5439252323202, 47.96008431079039], [85.61205138592277, 48.08332942873441], [85.61040153849432, 48.1567307229896], [85.73544812205927, 48.370999428947115], [85.8662023074546, 48.42786636649464], [85.95044810122678, 48.4322005467955], [86.06215308861921, 48.44607729482756], [86.2254364303776, 48.43923706532489], [86.31221944808732, 48.498841858817684], [86.37945820963449, 48.50796964230566], [86.44818186317362, 48.49906037084441], [86.5913100922688, 48.54628222218199], [86.65132071690465, 48.629185802741326], [86.69163097595593, 48.6482975450222], [86.77012002918954, 48.73376063455553], [86.75194923248311, 48.79439108010886], [86.81238785009282, 48.842830293772764], [86.73360005539678, 48.91462178958323], [86.73025122377769, 48.99983074451341], [86.8386609446128, 49.06562929874111], [86.87172960152837, 49.11464818974897], [86.96903161409766, 49.10045038232625], [87.13470063259544, 49.15079810798254], [87.22171996764716, 49.11441182055915], [87.31257866571201, 49.09968787881685], [87.26198563537098, 49.2194013889453], [87.15434742582593, 49.25114120742413], [87.02939006453822, 49.26421090098512], [86.98164195577132, 49.2983497561711], [86.95159209664813, 49.29786368377546], [86.90288975468349, 49.36058987658162], [86.91311894236586, 49.40626887224336], [86.80937799357734, 49.45637584949676], [86.81798849975725, 49.51066984619745], [86.7849421267968, 49.52670923953886], [86.801859980957, 49.544162146013534], [86.68144190489657, 49.570230053031466], [86.63416207299002, 49.581658715451354], [86.6216319751476, 49.641281369720026], [86.66884940893709, 49.68061062060713], [86.7240129576772, 49.6836494869569], [86.78342152662206, 49.711021690498484], [86.76666869296402, 49.73510088788087], [86.80321997799096, 49.803151202007996], [86.60701065046874, 49.79610132028617], [86.62313919928093, 49.77475563338016], [86.58882190256575, 49.74294890538584], [86.44825988927434, 49.65726058278835], [86.29980087596614, 49.59496020506855], [86.23253086400655, 49.576958844845116], [86.2236616776448, 49.53626951814126], [86.19371878824019, 49.50047189184311], [86.19263084442034, 49.471621478433725], [86.16926954062454, 49.46116040937277], [86.08948287249419, 49.518098733060995], [86.01198816793821, 49.50531001587094], [85.97230213320672, 49.48639000967604], [85.93513998490545, 49.49736833220223], [85.93133194011412, 49.552420428225055], [85.80897423661014, 49.555617617212015], [85.73457412138205, 49.56632835876943], [85.65129146590284, 49.561178115696855], [85.5751879674272, 49.60064108419321], [85.45299972862968, 49.591281472992556], [85.42081841542966, 49.5637287055092], [85.36449990074672, 49.56685003679182], [85.31618107426988, 49.59380977714824], [85.27101491238088, 49.59379637759408], [85.2343610561755, 49.618428489651954], [85.19500503214067, 49.663197881709436], [85.19653005856357, 49.73759796175125], [85.11793839459624, 49.852491172869144], [85.09190174383811, 49.87953112471652], [84.9956386758891, 49.90126034986354], [84.98057131166205, 49.96919031627718], [84.99900082705419, 50.00353872412436], [85.0332288931759, 49.99999819286042], [84.99999963576519, 50.05451962640765], [84.90675088798288, 50.0958020057761], [84.83073216662828, 50.10327990266708], [84.81451882893174, 50.13456940161924], [84.73678338614984, 50.14380419762011], [84.64768155780452, 50.186268272684956], [84.51909896271869, 50.22263218573446], [84.47758919735624, 50.25023851585487], [84.3748202582122, 50.218788485496674], [84.32405785986191, 50.224531765434726], [84.23447004777648, 50.3142087675163], [84.25295309104011, 50.37046926221733], [84.21259818819186, 50.47330058845127], [84.23322149036964, 50.51537222547954], [83.98006050310978, 50.71842182321291], [83.94996610680069, 50.79034263615373], [83.81481515061223, 50.88208417729182], [83.69405381895375, 50.900348653493914], [83.58118953601571, 50.9507186521155], [83.41754050314067, 50.975841256138104], [83.4386141559053, 51.01408699537974], [83.36057544911415, 51.00492801903894], [83.22050167619707, 51.00646190201419], [83.18998807744796, 50.989209649226055], [83.15143914523419, 51.017328722396215], [83.11162828648057, 51.01844801117338], [83.10311146494193, 50.97342891932975], [82.98767866206504, 50.90016138319501], [82.74673116905227, 50.936110706978546], [82.71310058791572, 50.82812015627182], [82.53451809432218, 50.75498199934324], [82.3358785359316, 50.77405355646709], [82.25371951960817, 50.766227816998665], [82.18772937594497, 50.738010615467786], [82.08278888676493, 50.75990930792014], [82.00768865349964, 50.79972905469138], [81.89432048983817, 50.81046215965815], [81.79604185043033, 50.782079924049526], [81.78031023521292, 50.817190882471024], [81.7696796710119, 50.77489185402391], [81.59300118492037, 50.75310915316334], [81.44952512741386, 50.76889442190707], [81.47764872530067, 50.833422058865125], [81.46127042216747, 50.86803800853235], [81.43088166924656, 50.88211987937457], [81.43779767153792, 50.93279759179718], [81.40855043675082, 50.95228827490152], [81.40381939983081, 50.982329262390174], [81.28551943940936, 50.96851941720693], [81.17117018908226, 50.94356180504319], [81.07430074903552, 50.94539899313219], [81.09583822667648, 51.04838188912121], [81.14986461159482, 51.125377214171756], [81.15163938428793, 51.19490801618061], [81.11990843588491, 51.2080489669844], [81.06197129508858, 51.174636943451695], [80.91566813996236, 51.22699124748882], [80.92654843677047, 51.24822988443311], [80.68240810975581, 51.308151327053565], [80.64191501969523, 51.2844600731879], [80.62917092274687, 51.21281127153263], [80.44089884632716, 51.20584166439153], [80.44262888951206, 51.12010206234224], [80.47823041641693, 51.08086201621403], [80.46883952851017, 50.97445446016871], [80.42974207431956, 50.97419141215382], [80.35572105758736, 50.93657884793157], [80.25100790472409, 50.92704088780859], [80.2459780401487, 50.91245962426201], [80.1999512448406, 50.906011732840234], [80.1926294132508, 50.83203077939106], [80.09196080587814, 50.83170972391957], [80.08660088214009, 50.84562211297722], [80.06517942617658, 50.84699557430423], [80.07197947054962, 50.78455032107326], [79.82461982156231, 51.083711353305645], [79.0815908684499, 52.042440402358935], [78.16834020739776, 53.02854833157645], [77.85890980567413, 53.31543797871339], [77.29090290036787, 53.61625221940398], [76.58382986994957, 53.96775981597947], [76.499401316097, 54.06114675759615], [76.42357868235194, 54.16239071992414], [76.45716917852958, 54.172499435040145], [76.58708060786236, 54.15521155106185], [76.60854219423278, 54.16069174924945], [76.64763514703682, 54.12677581416542], [76.75600910965657, 54.17419837459739], [76.76344693492409, 54.19618178991611], [76.84373755304284, 54.23861454134846], [76.83952362310022, 54.28088240383293], [76.87149092285824, 54.3095811196995], [76.8508721203406, 54.36376811779495], [76.78408367814613, 54.36940443021321], [76.93478787943486, 54.42731928198803], [76.93475670326919, 54.45161693140046], [76.85847037752266, 54.44451803868809], [76.72806839401142, 54.41094096260296], [76.65176876874267, 54.34636869494967], [76.53242982054122, 54.33638033078975], [76.3471987543102, 54.330378408694905], [76.23403124128625, 54.35604943359989], [76.21462970340073, 54.29344812496145], [76.23247056392734, 54.27858144625475], [75.61205806037049, 54.10605883029623], [75.5345141682492, 54.12142490781835], [75.39878815254944, 54.0775027823559], [75.48512082006017, 54.00172033758998], [75.42955144444979, 53.961633021476985], [75.01684828073577, 53.784522018923965], [74.98154108779475, 53.813501675099026], [74.80129084952026, 53.811182981415406], [74.75458624780136, 53.75273755820069], [74.68613014700101, 53.756759676872456], [74.6412894154618, 53.6670112936866], [74.47187033204311, 53.68367939311712], [74.44164203089045, 53.59508156049922], [74.48532790734714, 53.582591608969125], [74.40394035399981, 53.46108109348912], [74.28184123701459, 53.49601813145324], [74.26820092867787, 53.56460358541143], [74.23540863882953, 53.57979133380624], [74.24215521125733, 53.59376168816436], [74.16990891871686, 53.60293849034553], [74.1523311095827, 53.553304216674846], [74.06190054589312, 53.56019801258792], [74.0737662586927, 53.621849551700265], [73.90337055908368, 53.64843020269571], [73.83940477355132, 53.58972173783149], [73.74484062564191, 53.619459482301494], [73.67389183321565, 53.621787118952746], [73.64941138700897, 53.55926158485421], [73.59805153273244, 53.566770696684934], [73.55471791714615, 53.50692961365601], [73.4489614987367, 53.444800914057], [73.37938161390348, 53.477000074110904], [73.40081208054019, 53.53164189493332], [73.24596978666693, 53.57526085939072], [73.28313189722653, 53.64352078380753], [73.25874956205496, 53.66087115418169], [73.27138663460045, 53.68343862299623], [73.32065077450466, 53.68474071562486], [73.35774156661097, 53.79740881802479], [73.45614507222714, 53.8135150694814], [73.43471017276043, 53.851907921909635], [73.46508111106944, 53.882421564845515], [73.69130911937822, 53.86210147415535], [73.75036989692344, 54.05431990146397], [73.69516181278088, 54.06010779693111], [73.69257998367492, 54.07097907910911], [73.62790967767806, 54.07150970910162], [73.63757698945734, 54.048460672068146], [73.50997975983935, 54.00176942220762], [73.52741931406533, 53.949678211046496], [73.42155134172992, 53.988949463515105], [73.40287216576203, 53.98348708154958], [73.40161027176244, 53.955720285466306], [73.28016216078686, 53.960692195963354], [73.06959893490144, 53.995959158161604], [73.04268834700788, 54.04755096889389], [72.97758093276022, 54.06145894714817], [72.98111706078906, 54.095593377112564], [72.84152929843737, 54.10653152872632], [72.7826513645565, 54.124568580199444], [72.59748266846275, 54.13067756432444], [72.53783778132846, 54.0963068379994], [72.52063014394999, 54.04691337655315], [72.6651897880615, 54.046418365232384], [72.72205219601273, 53.94949093024319], [72.55414921949837, 53.98957822001202], [72.48043128359743, 53.909671128139095], [72.40043052831324, 53.9364480375412], [72.37751967908147, 53.9532989590835], [72.41877535720639, 54.04325689574589], [72.37295811410844, 54.08101206587966], [72.36614009022895, 54.09666795196122], [72.45150961385151, 54.11903929368598], [72.49568147510445, 54.11112882837404], [72.49238164394595, 54.1393817331395], [72.33931861462491, 54.175678817414536], [72.30270941562807, 54.2041590492664], [72.3084482562791, 54.245490514918245], [72.27614204781932, 54.26318868291937], [72.26328199720044, 54.32001989122941], [72.13789209272892, 54.363848398241366], [72.04289981044964, 54.36137809277166], [72.08506963912905, 54.32320816563092], [72.1273196013491, 54.28893995344944], [72.08963122731592, 54.22656602438893], [72.19470109496288, 54.185207901632864], [72.16602448240906, 54.13197517942616], [72.09422862971249, 54.154930622143645], [72.09913804736193, 54.17073811209769], [72.06082104687027, 54.19235139369197], [72.02336001357232, 54.22262869486093], [71.76710885987143, 54.248549441694934], [71.7277395650034, 54.18335733913661], [71.74780993074033, 54.14480845301445], [71.71467885404537, 54.11778186122959], [71.6581596603952, 54.1038516148766], [71.5555201192986, 54.11444193959138], [71.51472818303061, 54.10890824934228], [71.49147852101868, 54.15934954793731], [71.35401777370215, 54.18350894840823], [71.30923054145434, 54.17813131936674], [71.22929558713166, 54.12056097048368], [71.18278829448285, 54.11025490593407], [71.1428794125889, 54.134980577511215], [71.1107605152423, 54.186398484345816], [71.07300964841764, 54.2160916570314], [71.10974824698027, 54.24491080451097], [71.09296864177064, 54.27710997842497], [71.01595105169353, 54.301956092426714], [71.02159185543447, 54.347759957437226], [71.19409213924841, 54.3190701094215], [71.23208818619374, 54.39430854296005], [71.1892584891667, 54.53452047733086], [71.20654199515455, 54.594941347774444], [71.3030903899913, 54.61740184436356], [71.29140309562968, 54.66778961771145], [71.18092881576595, 54.70128199214389], [71.09187167002663, 54.73585782069762], [71.050843492784, 54.82452706131632], [70.99679919359663, 54.90740835160989], [71.01381957950721, 54.97988216454644], [71.00440198028971, 55.088068808349746], [70.93718107870528, 55.14612191836172], [70.82729982513291, 55.27646590316326], [70.8016912178943, 55.29995190487333], [70.67846843519575, 55.28299840404081], [70.62813853691918, 55.25825043406859], [70.49111046560549, 55.282659543628306], [70.43217005000442, 55.249648862375295], [70.3890416436624, 55.19616188658717], [70.26618893783764, 55.16036871665824], [70.19684091887731, 55.13245916442628], [70.11551138481244, 55.148471813303225], [70.03717832176339, 55.19039184929264], [69.92134874660756, 55.214658228215555], [69.84883932693508, 55.295791652863], [69.58997061811753, 55.35045124618066], [69.4705113820891, 55.34399001669911], [69.35432059089054, 55.364582177044824], [69.19145193397813, 55.33623122100514], [69.10978348241333, 55.4012092257673], [68.9499515048641, 55.43181200115365], [68.9165795057604, 55.38607056739935], [68.93046960750979, 55.35457143621007], [68.9880945432814, 55.350018754549026], [69.01204894288426, 55.30129860207678], [68.98619055429158, 55.28874173157554], [68.76591101989432, 55.35885218979455], [68.72432991077496, 55.32601539539858], [68.68582099655774, 55.267850857488384], [68.64139950200904, 55.241198829904995], [68.61744074263075, 55.189000558299774], [68.57312175929856, 55.20170459984351], [68.37096835717084, 55.192960315080555], [68.33326216458794, 55.17922180589693], [68.30386341036215, 55.19558221549365], [68.17706439026878, 55.18315030071983], [68.21478829103106, 55.11737852091586], [68.28043525074118, 55.062197115279936], [68.20748880284253, 54.99679993240394], [68.20141105719722, 54.95793887858244], [68.00666428789094, 54.9455559873936], [67.86854802901777, 54.97706842855172], [67.79347018316426, 54.9421803973467], [67.7628896914069, 54.883030433723945], [67.53020035960596, 54.84111047877119], [67.35911802799309, 54.856543401768334], [67.30163134970314, 54.85915194472797], [67.28042835370364, 54.82082158365199], [67.07353041349138, 54.79194888548588], [67.03227041759442, 54.77342129482655], [66.79965248968274, 54.76588098951643], [66.71872871527006, 54.725080199911766], [66.60281883702575, 54.72499992569867], [66.15340393278397, 54.64618980889096], [65.9843013965995, 54.615988234643694], [65.95066190118978, 54.65092979994335], [65.96997431567225, 54.70249932826942], [65.90247693256815, 54.710409748644004], [65.83329402714693, 54.68892132074975], [65.77732780246356, 54.610048741990084], [65.7144500334396, 54.610762178658945], [65.60560788946388, 54.63972850723888], [65.46808024842092, 54.643688215765195], [65.46334907597748, 54.60553167005804], [65.48643840669203, 54.57841143438639], [65.4082836588627, 54.577078130048484], [65.3019742556301, 54.56830265784051], [65.20078840455596, 54.524567775141456], [65.20164005121825, 54.44066084825971], [65.23972074452571, 54.35464033097418], [65.18110142121148, 54.341811565742944], [65.11175796311399, 54.33988964615395], [64.97794021050927, 54.41961840780841], [64.75506110736626, 54.35803817375602], [64.74982158302205, 54.39795163785097], [64.60114184059071, 54.3857381203475], [64.52894893626294, 54.35607169325385], [64.467689846168, 54.35782861607019], [64.43438928466416, 54.32883111941721], [64.27531086605664, 54.32546892536168], [64.19838684246776, 54.31358991517124], [64.07000942516957, 54.310918862053605], [64.04238972336563, 54.28579183635806], [64.01016822932785, 54.28819084450044], [64.01892137351653, 54.30180003630201], [63.996211233691554, 54.3111596790397], [63.959775856139515, 54.27545118505646], [63.907537528965236, 54.271950782948835], [63.88040835917174, 54.285849808487264], [63.519774120087504, 54.20735621654976], [63.381198565146114, 54.19710031337517], [63.26181958982201, 54.19301131760109], [63.20920217918288, 54.19967322273268], [63.160308179103815, 54.1875578784662], [63.14762203906017, 54.11581980802268], [63.04006848967892, 54.10217054295303], [62.816136794366074, 54.115837678339744], [62.788985427105274, 54.07953612090955], [62.64159880355722, 54.003709127545214], [62.55819118295903, 53.94705178689033], [62.55065989816551, 53.89983879829141], [62.44160814961513, 53.93644801971167], [62.41590132172178, 53.99771165275529], [62.4869347980298, 54.023021507452285], [62.420842068563275, 54.05613032291826], [62.30668903120052, 54.03637644906614], [62.133778550913, 54.04418883535657], [62.07313910816614, 54.055662117629], [62.0038714768514, 54.024470655045754], [62.0446812512345, 53.959697772872126], [61.94959088449705, 53.94578984917304], [61.87450852451425, 53.96598063312602], [61.90714465510352, 54.007280842388994], [61.869438541386295, 54.016328346414475], [61.85471451870255, 54.009256204661284], [61.84613085754132, 54.032037764749866], [61.822399432588796, 54.010049908569385], [61.80158882796944, 53.98545799330269], [61.732588730566576, 54.027516267431054], [61.64091857452626, 53.996619117569566], [61.60334169058698, 53.95666559037772], [61.56699993079256, 54.00175157776499], [61.495529503169145, 54.01937835799874], [61.4649534454154, 54.08067765395193], [61.37714938181919, 54.08305879608586], [61.305339919215626, 54.07140274390056], [61.24796919334657, 54.00672344987478], [61.276788246195395, 53.97951848271588], [61.24518223514463, 53.91488826157268], [61.18262991098533, 53.927008080212715], [61.15751186161775, 53.96158845861866], [61.01443717764081, 53.94243214132421], [60.98988076869827, 53.89713213848371], [61.07945973212748, 53.88392877924754], [61.13896195308464, 53.87572397997429], [61.219065325648955, 53.811660071574806], [61.175918926463254, 53.771220485890616], [61.091249588553815, 53.70988111470208], [61.05723116950819, 53.7046817833673], [61.03448976004332, 53.63797809125044], [60.98741936950087, 53.670801516519184], [60.913929010160565, 53.66298025165508], [60.91595780651457, 53.61670818533442], [61.11420051180067, 53.596798303248555], [61.17224022161837, 53.567872086892365], [61.371026988629126, 53.56451439557331], [61.430778988303594, 53.59183976074802], [61.50298955730551, 53.59142060320767], [61.56595215528744, 53.559399808481324], [61.57896821010177, 53.50037916511304], [61.4463099954618, 53.45820500465265], [61.389599030126035, 53.476719193458166], [61.368801820188644, 53.49467150868947], [61.25385964190872, 53.50075370983853], [61.21728159356996, 53.425591073211436], [61.15706143325286, 53.37886864902055], [61.18274134744856, 53.29614788314492], [61.26462831748331, 53.27039211327036], [61.40630734437247, 53.26268675220283], [61.494245289596996, 53.21812699679914], [61.63211622034124, 53.22050363970461], [61.64853912792605, 53.250990574888135], [61.736699970069715, 53.21537567557558], [61.811389883001716, 53.15775966980803], [61.94609938449621, 53.12910107254853], [62.03253011369699, 53.13351106565553], [62.11061793122173, 53.11679837222223], [62.13797892751919, 53.02784379368246], [62.11992849902325, 52.99469038346273], [61.99267918531117, 52.9524180843156], [61.877027897769224, 53.011099851260475], [61.7889116312308, 52.997602133331], [61.71493950276433, 52.99728108795334], [61.66888156530784, 52.96497043737336], [61.62404079705025, 52.97227890197262], [61.47730962077962, 53.03380116006862], [61.380431222025564, 52.988090923902135], [61.322681451972144, 52.990949144908754], [61.23683923053544, 53.03180791131506], [61.118762250413596, 52.975159520766475], [61.02519244748489, 52.97998872421116], [61.03703141619179, 52.94056129513392], [61.07080460872042, 52.90926736077254], [60.90370424170355, 52.821717378488415], [60.82582153476015, 52.76246036654739], [60.723498576746266, 52.7469516364272], [60.714518006190396, 52.653809918941334], [60.83935488514447, 52.620745681777514], [60.84517855233526, 52.520161765144366], [60.97925927265823, 52.49685846646082], [60.99160203156815, 52.43999157845295], [61.0634292187246, 52.32961987022235], [60.933896760952365, 52.26366084837472], [60.79491111391998, 52.23140817037218], [60.721911149802295, 52.168668660411456], [60.602228926828786, 52.161632175073365], [60.53094124825099, 52.16586834395839], [60.26877286013217, 52.01146302009535], [60.0595116790697, 51.98349999381935], [60.06153604179432, 51.91797352170804], [60.14086798700077, 51.86660908624517], [60.18569089586367, 51.86955662764024], [60.177472681689586, 51.90312916070241], [60.44822045355214, 51.80683039500298], [60.523828953225326, 51.793939111662326], [60.39063116476661, 51.69830927436891], [60.51430879865363, 51.631333545860365], [60.654988920699246, 51.614170484109714], [60.917478469706815, 51.611312197771326], [60.93116338626574, 51.54125970317357], [60.97854130089683, 51.49465323491556], [61.00273633582201, 51.4651205982573], [61.09761271831492, 51.466333447423324], [61.134377947036825, 51.45832938438447], [61.21512785402846, 51.44179944346434], [61.35137123543397, 51.39979921683844], [61.45794372477699, 51.43280994197701], [61.51048982943518, 51.41384987198781], [61.57708652130396, 51.322130595345705], [61.67524465072472, 51.264590332316985], [61.591400206457706, 51.248020364532785], [61.45084041687312, 50.80731848336569], [61.00797139160368, 50.68607104778912], [60.75082844441176, 50.660480237592], [60.34590186155838, 50.68122844648127], [60.18935181953093, 50.80334983813527], [60.18571757330921, 50.84096239757283], [60.06900062566651, 50.86558106489317], [60.00375950219565, 50.82895846436445], [59.869170515930676, 50.62461129515304], [59.806422032574126, 50.57318888976256], [59.523621399802025, 50.51493075127144], [59.51951901525583, 50.59003988152127], [59.53739111682723, 50.61064979570587], [59.45813956558038, 50.660141351298414], [59.352189023217896, 50.654699039082246], [59.296202866553735, 50.65916480973156], [59.27086168851757, 50.64914079865301], [59.19826312005259, 50.6790747052581], [58.9928100056556, 50.69664806982117], [58.88340146377877, 50.70907108570742], [58.850301521220175, 50.75292190629668], [58.78185880018598, 50.77734881748444], [58.77933052548189, 50.83488017158716], [58.622031283269116, 50.817948962995956], [58.574470495972896, 50.87368325073359], [58.5813420027198, 50.97901167692015], [58.5996020139694, 51.022358609327675], [58.54582974112957, 51.075069663020834], [58.3622395921819, 51.08472809094848], [58.3212694019481, 51.156327859309684], [58.255658209022094, 51.150597884187704], [58.21299794561187, 51.125970309674194], [58.211200919759754, 51.09477888239179], [58.18039303180495, 51.08196340606939], [58.175595081355034, 51.067970740173706], [58.09840802480328, 51.08552178736909], [58.100650830639616, 51.11522832207794], [58.08061177931765, 51.12352668132143], [57.997659042788015, 51.084291087607276], [57.93197202509414, 51.106171909500894], [57.92646946882255, 51.117930477049164], [57.881927552775494, 51.10261795822805], [57.81818917293755, 51.139548234793196], [57.7542902148111, 51.12973818236319], [57.718969738929495, 50.92019166181325], [57.67053931115684, 50.91826982462365], [57.633671519661725, 50.945430195658105], [57.515790731319484, 50.91476049194341], [57.52837882525305, 50.88489341834788], [57.42689857275238, 50.89569785088357], [57.31896152434066, 50.954990523944446], [57.291199181934175, 51.017199390740515], [57.211158379021654, 51.05368824969865], [57.183511945002635, 51.09526044533981], [57.02303773799294, 51.05186895105259], [56.94796437074502, 51.07326819268048], [56.88328071645305, 51.05589103453154], [56.80097894299461, 51.082685781599444], [56.72295813682069, 51.06954036017455], [56.74787553429845, 50.99155511962729], [56.74076330274924, 50.97541765548504], [56.6314394746967, 50.99270112720187], [56.55172860301181, 51.042870480290524], [56.50940731788935, 51.08365339116316], [56.462421781436994, 51.05178418513901], [56.47786804752433, 50.980300395493636], [56.46326450899261, 50.969866051971536], [56.394331284200426, 50.97002209258479], [56.38362943101764, 50.926028602432], [56.319989128926686, 50.90780876741886], [56.189752117366154, 50.932748519677595], [56.132586530766126, 50.800286452448375], [56.12719989982601, 50.756270700552314], [55.8464281481099, 50.64488682038283], [55.72840021757022, 50.60571804924377], [55.69998241795183, 50.57063829099194], [55.637780200164094, 50.58657957687549], [55.49908200018127, 50.646532186069365], [55.49122063955849, 50.66550118690372], [55.39787829244207, 50.672439603477535], [55.35495054305556, 50.659940680066164], [55.06111812575067, 50.832641687678176], [55.10783150911267, 50.88252121418358], [55.08410023600333, 50.92004003776707], [55.04399067267939, 50.930568031505715], [55.01712005526986, 50.919424700234465], [54.9838507214188, 50.882507806678944], [54.90262823314203, 50.866348058016435], [54.89944892858484, 50.84369133944], [54.87838850148198, 50.83868821871521], [54.81969785381316, 50.88350216358511], [54.71647859680684, 50.891479492913085], [54.65805089959783, 50.816517592348816], [54.70084942199853, 50.69416876410998], [54.718266690680174, 50.62160134021749], [54.60047498207861, 50.53876017931566], [54.56098974456628, 50.55140175352161], [54.508100257543504, 50.54003104254608], [54.42262825101172, 50.632909654983564], [54.45929554292904, 50.71516220552786], [54.473100804436214, 50.78895140903017], [54.51691153395881, 50.8413592293301], [54.43699992541132, 50.87193081067204], [54.297421160781056, 50.88484881362217], [54.201581681527344, 50.9763183701868], [54.198152730603745, 50.994386681188324], [54.168401609803276, 51.023981728468335], [54.19071926922017, 51.04019946914795], [54.16206955862984, 51.06653047661363], [54.13807966889833, 51.05890987997161], [54.13988111509627, 51.11046150232141], [54.048420586372984, 51.14406975481012], [54.033527087802895, 51.16293179405479], [53.886100334721924, 51.19592016601393], [53.83856177483447, 51.19308868623597], [53.80898023678087, 51.21361837663596], [53.7492683550587, 51.20423643900344], [53.69899207626773, 51.231008855364024], [53.66893320147999, 51.23356842941605], [53.61420214221174, 51.30064216149508], [53.61623999316819, 51.35909209501207], [53.602965244943306, 51.36779174506634], [53.63801380236745, 51.37547480562092], [53.57026220112454, 51.43164163185014], [53.49768138310482, 51.43965023463939], [53.36289169682973, 51.51717165400808], [53.2820214750448, 51.48700142207349], [53.242335471491735, 51.51023334484553], [53.191470431087026, 51.51725193001294], [53.20305964810711, 51.53276066527835], [53.14843128354537, 51.525478958155226], [53.165835128239564, 51.49402447992921], [53.099140293537, 51.49319064664276], [53.090289008687755, 51.501787752045566], [53.00738539404679, 51.47720922088155], [52.98199974974686, 51.48522222915068], [52.98030975514686, 51.46970009860217], [52.95854926746297, 51.47625051234752], [52.929311014139145, 51.48551202480774], [52.93150035596886, 51.4980822756884], [52.8825483943221, 51.47514022281702], [52.87546290752484, 51.48933798330656], [52.89581420730988, 51.496570603993646], [52.81787359620966, 51.499304095002735], [52.77196271727346, 51.517100369914345], [52.7672271199795, 51.50053922022763], [52.74913662471223, 51.49831412038833], [52.752271413996304, 51.485119646615765], [52.68595112153472, 51.47926931441214], [52.69309903223063, 51.46296241776333], [52.66446272977146, 51.49200899738292], [52.65215118026179, 51.46673921609281], [52.62703304098284, 51.4661551316192], [52.63315082848076, 51.45593929223471], [52.59996177274129, 51.464184152662554], [52.60031400527532, 51.47454267837659], [52.559437528826955, 51.46239159069546], [52.554331823893484, 51.49192866109574], [52.51798563185645, 51.5049715854874], [52.47862068709849, 51.56288636967962], [52.38299083539232, 51.656821813765376], [52.36215803946472, 51.75366900541663], [52.3281483667903, 51.76606976399299], [52.30403797736004, 51.74814863072767], [52.26123066948835, 51.717487890708846], [52.16964076673033, 51.714268408534146], [52.12721682521945, 51.662444751457244], [52.01433463671505, 51.656915445527474], [51.90451153077587, 51.68136023772647], [51.85818147308956, 51.683255344101504], [51.756518431026386, 51.590697763182305], [51.79319894316892, 51.521309687586474], [51.62819882426801, 51.47028872536208], [51.6460084791398, 51.51451850684002], [51.61458957508646, 51.53758990740138], [51.585989001909276, 51.53392007437749], [51.56594087626334, 51.561089368756015], [51.54372564312183, 51.55611298671721], [51.51913807438742, 51.51071043005367], [51.42888598812525, 51.4825690540135], [51.27568904380757, 51.504084210304974], [51.247030441756465, 51.56115179639958], [51.36034954867754, 51.57038216286239], [51.35856145044911, 51.65332585053771], [51.306461395232176, 51.65956859381834], [51.2507180635395, 51.688904994218774], [51.14818109995492, 51.67497036409991], [51.04778885203489, 51.67207189258591], [51.00952975633829, 51.67971480654826], [50.88953977462322, 51.68049068781667], [50.86640604626277, 51.73372791678927], [50.74309845974515, 51.764847985659394], [50.73765833941136, 51.68743796683932], [50.793156424723, 51.65882838829795], [50.772372469700535, 51.59081373436808], [50.68974090001243, 51.5715103010129], [50.66232180812092, 51.57415898165394], [50.717351646287426, 51.61376021830043], [50.70701993867574, 51.62909067885814], [50.567650713007374, 51.64244122870786], [50.53875125888181, 51.59719022626955], [50.51662079801498, 51.602237925660546], [50.49781670165805, 51.51294893102519], [50.512125955097005, 51.478167870759094], [50.462357879576906, 51.46569135872262], [50.44844106430255, 51.43764807688813], [50.349801306853564, 51.433237988253275], [50.371218427809815, 51.4186389172213], [50.33775727910485, 51.3744849008238], [50.369786989631045, 51.34211185049474], [50.155821495393965, 51.286752071247], [49.93419076908952, 51.234259530280994], [49.73600164864102, 51.11471995039389], [49.558480358707584, 51.11780122780167], [49.504079245237655, 51.10833899487423], [49.420497897185356, 51.129591075137306], [49.415097968449146, 51.11006914410732], [49.37125158083241, 51.096838931910945], [49.372535829437965, 51.047722006415874], [49.325969394983936, 50.98876821081906], [49.41376026616063, 50.893419227241765], [49.41091089927053, 50.858428681628105], [49.251645162466694, 50.82931964575442], [49.1902432726681, 50.80789367328914], [49.07150189222644, 50.768938967402455], [48.90366578971716, 50.64592578112575], [48.81187071839888, 50.60100031313384], [48.776166739832746, 50.619287054882484], [48.67597962523829, 50.634318721277836], [48.599648707585, 50.667828888488806], [48.55932063501543, 50.635170360786034], [48.63804161662156, 50.58772112509156], [48.716829363234446, 50.25602196092386], [48.779381698197945, 50.18020834022079], [48.76188870275752, 50.10191097917859], [48.85323781254061, 50.07761775379479], [48.877548875972714, 50.023350533985635], [48.7080049598989, 49.918276281212826], [48.43326187655024, 49.83798126187324], [48.424548723931736, 49.80707968680519], [48.368908125427666, 49.832871107634254], [48.34355807379259, 49.83408843116083], [48.294231484946586, 49.871081124710635], [48.23003830898723, 49.86753170383526], [48.18971912916894, 49.9403309767599], [48.12925818189898, 49.9942415528465], [48.08481884488302, 50.10180839905498], [48.04215854852068, 50.110338686360464], [47.98607197414794, 50.16066857586284], [47.88591167355517, 50.264195528335435], [47.80390871346431, 50.333498856860786], [47.74680113018451, 50.354068675615416], [47.73899313783401, 50.38122461957571], [47.6427791683458, 50.42107109882431], [47.55146125618591, 50.462710198337206], [47.49027785500284, 50.44318827683366], [47.439823174881646, 50.40859011527908], [47.39718980062608, 50.33537166204401], [47.31961029218111, 50.33179098075083], [47.30497101615432, 50.25821134381587], [47.32661994601267, 50.24254207613906], [47.26557934628835, 50.19417865352417], [47.336073274714686, 50.09928901725658], [47.19293164248545, 49.94613002955654], [47.05531046237643, 49.890803748142105], [46.90744220182387, 49.861021428874345], [46.84950956329451, 49.593778567734866], [46.809680894907984, 49.508698922236974], [46.78265870272517, 49.332649156081324], [47.02146137215356, 49.208877876915984], [47.052840078206806, 49.16491114569668], [46.988044905201626, 49.04504383358694], [46.85585928531831, 48.96790805984681], [46.77848945194668, 48.93853154497484], [46.491858354724954, 48.443009443962225], [46.87641134463275, 48.33686943743044], [46.92459188855772, 48.33759186265414], [47.06508926686563, 48.21966200807533], [47.106701586569734, 48.20244095103347], [47.11830862333231, 48.160578926538385], [47.097118976902415, 48.104911449069355], [47.20744158379327, 48.07429972835525], [47.1783727626442, 48.06101162551218], [47.020868310453025, 47.99408052157823], [47.157990119520036, 47.8305786407795], [47.124408654393, 47.82190127670831], [47.174310448858215, 47.76074916859394], [47.376972155702155, 47.676240240123164], [47.406678640035835, 47.81257724988526], [47.707222027774826, 47.744709744398], [48.05465738099343, 47.76191296712131], [48.19976992185241, 47.65876060121237], [48.3806891015441, 47.43358935727066], [48.58946858390939, 47.41371961300257], [48.60775536761332, 47.41445983766248], [48.67341123861031, 47.1888961984987], [48.80268947007834, 46.99105036650454], [48.9850889779153, 46.81446994126013], [49.002069188662425, 46.75861076445647], [48.91405991370861, 46.69313779436781], [48.75663583459982, 46.68649819797664], [48.69464096120002, 46.725689247142114], [48.680799994424035, 46.75860631056668], [48.58640074454745, 46.77434246572698], [48.497637871903926, 46.71439878792268], [48.48071108606187, 46.65767902640109], [48.54803023707533, 46.63812140336364], [48.55869193811457, 46.60828110218422], [48.64525203378937, 46.60456220307078], [48.67092745693186, 46.563346725718425], [48.7638105628074, 46.538518481900155], [48.824868993961516, 46.4758592012474], [48.877700490678336, 46.46751619095008], [49.02946149412378, 46.39901100840161], [49.166734861138664, 46.359583643539466], [49.213760617580505, 46.333167953226116], [49.32514895275422, 46.086949741645725], [49.4619986643715, 46.10920959193259], [50.03849810775775, 45.85847875934845], [49.42579867155123, 45.50907451171803], [48.829258982888334, 44.94012915525263], [48.68615978295774, 44.75433848670696], [48.78263354472737, 44.5500921438743], [48.964742088171434, 44.28754193227253], [49.047458381677124, 43.98954913687662], [49.0515741534283, 43.78956792024606], [49.280449732257495, 43.364519748096335], [49.41893281782523, 43.20527131027018], [49.544787599935596, 43.04856845787909], [49.80622127285555, 42.66176544053346], [50.18847442980549, 42.26613667881905], [50.65635560827177, 41.86418997218599], [50.76698586876225, 41.71253592048552], [50.84023606197621, 41.602678740291104], [51.12793454638788, 41.35528448885316], [51.25017856868178, 41.23121165323571], [52.20519200151435, 41.619446641730214], [53.032730944710615, 42.138781433798364], [53.522639069958856, 42.279622118366646], [54.080378882806016, 42.34179538769416], [54.20564845995186, 42.33849116758395], [54.83493013292796, 42.02304988237264], [54.95794779447888, 41.90161072730096], [54.95295804597267, 41.82012960020826], [55.07771038484853, 41.69745974850276], [55.22548054716105, 41.477554685782806], [55.46615151786806, 41.27570012493517], [55.53901772916511, 41.249913112350995], [55.56499643545449, 41.28372201724253], [55.60846817380905, 41.2401387916973], [55.654289985331694, 41.28043122023664], [55.779809158704985, 41.29470924560183], [55.818509746583445, 41.2829996931987], [55.87089964639514, 41.3221505706791], [56.00060157594864, 41.318048194898736]], [[49.3169307760918, 46.171891170062004], [49.308917778765185, 46.193187811022995], [49.3039413807465, 46.18336889707127], [49.3169307760918, 46.171891170062004]]]}]}, "id": "00000000000000000070", "properties": {"ADM0_CODE": 132, "ADM0_NAME": "Kazakhstan", "DISP_AREA": "NO", "EXP0_YEAR": 3000, "STATUS": "Member State", "STR0_YEAR": 1000, "Shape_Area": 343.064396046, "Shape_Leng": 148.158014388, "iso3": "KAZ"}}]}